controller_id,path,condition_id,n,continuous_success_fraction,final_success_fraction,position_rmse_m_mean,position_rmse_m_std,position_rmse_m_median,position_rmse_m_bootstrap95_low,position_rmse_m_bootstrap95_high,position_p95_m_mean,position_p95_m_std,position_p95_m_median,position_p95_m_bootstrap95_low,position_p95_m_bootstrap95_high,attitude_rmse_deg_mean,attitude_rmse_deg_std,attitude_rmse_deg_median,attitude_rmse_deg_bootstrap95_low,attitude_rmse_deg_bootstrap95_high,attitude_p95_deg_mean,attitude_p95_deg_std,attitude_p95_deg_median,attitude_p95_deg_bootstrap95_low,attitude_p95_deg_bootstrap95_high,linear_velocity_rmse_mps_mean,linear_velocity_rmse_mps_std,linear_velocity_rmse_mps_median,linear_velocity_rmse_mps_bootstrap95_low,linear_velocity_rmse_mps_bootstrap95_high,time_in_tolerance_fraction_mean,time_in_tolerance_fraction_std,time_in_tolerance_fraction_median,time_in_tolerance_fraction_bootstrap95_low,time_in_tolerance_fraction_bootstrap95_high,maximum_abs_pwm_mean,maximum_abs_pwm_std,maximum_abs_pwm_median,maximum_abs_pwm_bootstrap95_low,maximum_abs_pwm_bootstrap95_high,saturated_sample_fraction_mean,saturated_sample_fraction_std,saturated_sample_fraction_median,saturated_sample_fraction_bootstrap95_low,saturated_sample_fraction_bootstrap95_high,compute_p99_ms_mean,compute_p99_ms_std,compute_p99_ms_median,compute_p99_ms_bootstrap95_low,compute_p99_ms_bootstrap95_high,deadline_miss_fraction_mean,deadline_miss_fraction_std,deadline_miss_fraction_median,deadline_miss_fraction_bootstrap95_low,deadline_miss_fraction_bootstrap95_high,mean_abs_pwm_mean,mean_abs_pwm_std,mean_abs_pwm_median,mean_abs_pwm_bootstrap95_low,mean_abs_pwm_bootstrap95_high,rms_pwm_mean,rms_pwm_std,rms_pwm_median,rms_pwm_bootstrap95_low,rms_pwm_bootstrap95_high,effort_l1_integral_mean,effort_l1_integral_std,effort_l1_integral_median,effort_l1_integral_bootstrap95_low,effort_l1_integral_bootstrap95_high,effort_l2_integral_mean,effort_l2_integral_std,effort_l2_integral_median,effort_l2_integral_bootstrap95_low,effort_l2_integral_bootstrap95_high,total_variation_l1_mean,total_variation_l1_std,total_variation_l1_median,total_variation_l1_bootstrap95_low,total_variation_l1_bootstrap95_high,p95_step_l2_mean,p95_step_l2_std,p95_step_l2_median,p95_step_l2_bootstrap95_low,p95_step_l2_bootstrap95_high,desired_applied_rmse_mean,desired_applied_rmse_std,desired_applied_rmse_median,desired_applied_rmse_bootstrap95_low,desired_applied_rmse_bootstrap95_high
pid,circle_level,horizontal_pair_loss20_gradual,5,1.0,1.0,0.14030292874263628,0.0001151632635158917,0.1402499481057875,0.14024756823150414,0.1404067854166969,0.17134485020862245,0.00011463053263467792,0.1713151607077565,0.17126940457375914,0.17145015726534124,2.916895239701026,0.0017475300411831875,2.9159642677379205,2.915814432027058,2.9184612484426933,3.363565264959527,0.0015705763270254997,3.3636388224296394,3.3622612324393004,3.3647251762121977,0.019762570395876287,3.837803926001772e-05,0.019779364224472566,0.019728108170726722,0.019780225728176105,1.0,0.0,1.0,1.0,1.0,0.5700533412822708,0.00021376031141177932,0.5700079631561757,0.5698893598186693,0.5702223430535891,0.0,0.0,0.0,0.0,0.0,1.9298882378570852,0.0910141108672801,1.913291559467325,1.8584097969869617,2.0013666787272086,0.0,0.0,0.0,0.0,0.0,0.34542218218965237,0.00021849981816031482,0.3454562957427497,0.34524809717311034,0.3455962672061944,0.3677184675477204,0.00015487573663450056,0.3678219255529088,0.3676035336558844,0.3678334014395565,172.4813821866632,0.20656924831200643,172.4168166022408,172.36906592095133,172.66626403055676,67.52405842743902,0.10107199609926044,67.48192188729162,67.4760141977084,67.61475607360461,6.699719768666884,0.8686389722750062,6.384971692373274,6.132755554137203,7.469199104430009,0.023449868154543186,0.003962989150392103,0.02136861493353858,0.02098079555446989,0.02704913038016678,0.025696083115725642,0.00037504469023312087,0.025507011161478507,0.025487895250663684,0.026039161230865783
pid,circle_level,horizontal_pair_loss40_gradual,5,1.0,1.0,0.16935907000631018,4.312201724261848e-06,0.16935731966512563,0.16935607904854483,0.16936295396942952,0.20688050430673233,7.31766223670115e-05,0.20692587391044293,0.20681879973714068,0.20693366898817853,3.3173260092110732,0.0002200306787622905,3.3172280455378402,3.3171851385774245,3.3175101719078457,3.8160874019792574,0.0006590837441143826,3.8159763444233605,3.815588161613917,3.8166660167508333,0.022530413694050806,3.832640314069322e-06,0.02253255005344056,0.022527322662762608,0.02253326865581256,1.0,0.0,1.0,1.0,1.0,0.6057580627771767,0.00020065779650651946,0.6057387093146395,0.6056034571141511,0.6059085563896505,0.0,0.0,0.0,0.0,0.0,1.896424527902127,0.0734805867902472,1.878483081345621,1.8410481518803863,1.9566336632196903,0.0,0.0,0.0,0.0,0.0,0.35017978084473034,5.788012757647716e-06,0.3501804613760722,0.35017508184636337,0.3501841077130361,0.37159009930248177,4.09206823824041e-06,0.37158984479930585,0.3715874443904796,0.3715936637553625,174.91306083299378,0.0031618374943959077,174.91303100612947,174.91068298394032,174.91553223747002,68.97503879694509,0.001476052382927238,68.9747697098193,68.97393575101702,68.97618165286613,6.170534972752952,0.09119398424401386,6.208884721847765,6.094467900318629,6.238190385142039,0.020487572252895752,0.00019433543056643132,0.02048114917702455,0.020338827373917158,0.020636317131874346,0.05624487406958443,4.076578942320264e-06,0.05624344662994183,0.056242685171428386,0.05624855022543631
pid,circle_level,mixed_horizontal_vertical_loss30_abrupt,5,1.0,1.0,0.13339682653077198,8.25498869355348e-06,0.1333950656465521,0.13339067181782288,0.13340299616014134,0.1634358703519343,0.0001208085054166069,0.16348355502143935,0.1633325610046616,0.16351985412502773,2.587985078919844,0.00020914357304618685,2.587991477640921,2.587811296640765,2.588131093467739,3.0503417895490132,0.000813725861056536,3.0498424104481705,3.0497324239073635,3.0509621074828472,0.019286718939461135,4.392280715325372e-06,0.019287075181343292,0.019282838388739953,0.019289703675614802,1.0,0.0,1.0,1.0,1.0,0.5629113451389542,0.00015468772176891065,0.5628899873984614,0.5627915543793544,0.5630311358985544,0.0,0.0,0.0,0.0,0.0,1.9898592274694238,0.0617283649182534,2.013608239685709,1.93462956721487,2.025225720011804,0.0,0.0,0.0,0.0,0.0,0.3390328963603861,0.00019811594598472286,0.3389419942086616,0.338932961304934,0.3392108381678031,0.3626808430605533,0.00012544750834263453,0.36262192290897866,0.3626157360846715,0.3627937896044659,169.34770983279287,0.14277063735406328,169.29857167643252,169.2688356330454,169.4785411052145,65.70903262756443,0.05500603017320752,65.6858661622921,65.68272090239842,65.75841284656683,6.316974320690024,0.08590305581790908,6.333713836487677,6.25016210321684,6.381905542583494,0.020939058282594222,0.0005016666900997389,0.021006614613085586,0.020555368870371758,0.02132274769481669,0.03364343583759277,1.0580336260532203e-05,0.033638351212218476,0.033637859179829935,0.03365316445283425
pid,circle_level,nominal_adapter,5,1.0,1.0,0.11698332645546934,0.00023306226949546048,0.11689101155345853,0.11687018596810836,0.11719213121195597,0.14312737124554512,9.339462800518825e-05,0.14310014069205104,0.14305806116186928,0.14319899468158775,2.5880888057970144,0.003201177329365938,2.58669758031323,2.5865460366263586,2.5909628375276785,3.0001420867418305,0.00238943852683149,2.99961727987748,2.998634714181627,3.0023023631039782,0.01765251801586071,0.00011760874277160139,0.017600774271479637,0.01759814416157132,0.01775779909448395,1.0,0.0,1.0,1.0,1.0,0.5401024367226992,0.00013713213605110722,0.5401143740968096,0.5399965138315401,0.540209839797926,0.0,0.0,0.0,0.0,0.0,2.0015402718054247,0.11545348839687888,2.014207358879503,1.9098406233146306,2.0957780877433834,0.0,0.0,0.0,0.0,0.0,0.34008964159928734,0.000231642042482416,0.3399350736974349,0.33991861518059485,0.3402696292178637,0.36423314595692535,0.0002001147715734473,0.3641028054884032,0.36408879200354777,0.3644012166979128,169.87468928714742,0.1165554357502437,169.79302336526695,169.7892689854453,169.9652239321111,66.2724709576909,0.07347893160341963,66.22119237135601,66.22019310632209,66.33456171529319,6.5212017268421025,0.3847054301977069,6.332583317959198,6.296183734515341,6.864992005670656,0.021436516184071434,0.0008215073797684676,0.021291882237022414,0.020931757523335225,0.022159456678260823,0.00582488339097576,0.0001952388760900068,0.005747397656155627,0.005722337850944425,0.0060015924071518375
pid,circle_level,single_horizontal_loss50_gradual,5,1.0,1.0,0.1502117243440632,7.023054147007691e-06,0.15020863924240663,0.1502064864662254,0.15021706511099428,0.18758472718330244,0.00010695048319012491,0.187598830151431,0.18749903331545176,0.18766797674778632,2.9954891239742834,0.0004951183561651253,2.9953450010861604,2.9952010973132044,2.995934919324781,3.588326323505305,0.0005399755944127764,3.58861682084606,3.587861685467608,3.5887195717448725,0.02030696790765247,8.168399756108248e-06,0.02030445059974956,0.020301805378532687,0.020314139835525227,1.0,0.0,1.0,1.0,1.0,0.5847461047994589,0.00022376931225063186,0.5847282270653629,0.5845821768656754,0.5849354763059122,0.0,0.0,0.0,0.0,0.0,1.9976032322447277,0.10218479679538976,2.0061111985705793,1.9177600333059672,2.0753533279057583,0.0,0.0,0.0,0.0,0.0,0.3422296025899049,3.449959243119165e-05,0.3422375361156516,0.3421990625700104,0.3422536594499433,0.3635992591002767,1.6914040047395468e-05,0.3635981675158791,0.36358573345209544,0.3636127100173956,170.99964992407325,0.14049221216941696,170.94328838427185,170.92812477291295,171.12731896917688,66.06314564523602,0.05524291390247675,66.03980317923478,66.03645482048849,66.11303411478264,6.529562211906997,0.5436731947474257,6.3521075713231046,6.221645840089645,7.027946291984948,0.02159991219564607,0.0015737558097161323,0.02110292588815932,0.020685136579270003,0.02304402791341459,0.05555626527179473,4.27334339075058e-05,0.0555355394740018,0.055534350398234664,0.05559508414468841
pid,circle_level,vertical_pair_loss40_gradual,5,1.0,1.0,0.11789108556557251,0.0002711717941995295,0.11777088690839188,0.11776580410391987,0.11813396669594675,0.14388036255405445,0.00016491496235039764,0.14380823162243736,0.1438004844466001,0.14402855602152098,2.148572617687747,0.0033864808508097858,2.147859045465974,2.1462960611891098,2.1516595478059704,2.6386890828350564,0.002246681586742023,2.6383494364390154,2.6369467424878374,2.640297683491775,0.017494251371707605,9.157944020148382e-05,0.017453063308855193,0.017450512765044616,0.017576239625194657,1.0,0.0,1.0,1.0,1.0,0.5382518286993332,0.00026370827767301065,0.5381334795056599,0.5380547114712202,0.5384677047446608,0.0,0.0,0.0,0.0,0.0,1.9468887448019814,0.07451763501794281,1.9879954803036526,1.8902139778947458,2.003563511709217,0.0,0.0,0.0,0.0,0.0,0.33010406184368707,0.00016801260257038372,0.3300286886329638,0.3300203725885128,0.33025451511268555,0.35779968109915816,0.0001991454313266779,0.3577073777126816,0.3577012138758978,0.35797922438857943,164.94112699055825,0.13467523228661962,164.85271736080273,164.84497068524985,165.05589633351573,63.973143678321414,0.07779140872182146,63.920412031284016,63.91683396767868,64.03736956556301,6.9597497362003224,1.2349883764974967,6.292771314817642,6.191014485384077,8.087428437188315,0.02340825598114766,0.004488640774940849,0.02076462259422338,0.020479261833195476,0.02751959921570843,0.03232349274018398,0.0003631997406816423,0.03212048920995105,0.03211847582427342,0.03265865525911332
pid,figure8_unseen,horizontal_pair_loss20_gradual,5,1.0,1.0,0.21898803348628793,0.0005801922970431846,0.21872892570317662,0.21872725446236366,0.21950711768078168,0.29766716133123955,0.0021547813634230275,0.29692561139785933,0.2963992531672853,0.2996284825627506,4.287854208392561,0.001857245659999678,4.288662174118369,4.286191772106275,4.288706265704947,5.945080980079266,0.020847334250338592,5.93920670938633,5.933267031686535,5.963740913023024,0.040204212778933796,0.00012605193169256348,0.040149650678782005,0.040146508032613715,0.0403169584284635,0.9778195488721805,0.02656301699539774,0.9887218045112782,0.9541353383458645,0.9909774436090226,0.8196597648130194,0.021109153945004476,0.810415229616455,0.8100126745888871,0.8385946901175938,0.0,0.0,0.0,0.0,0.0,1.9880024550948292,0.07755155877160212,1.9656805947306568,1.9413426965620602,2.05495790297573,0.0,0.0,0.0,0.0,0.0,0.3321650647123792,0.0001604934113274532,0.33209248586721474,0.3320917267273487,0.3323090969567901,0.378818246425371,0.00031306640085205763,0.3786795825074497,0.3786765555662813,0.3790986945038816,176.53854363659283,0.0869747006066956,176.50116256648894,176.4983038489758,176.61645559957054,76.27406529592878,0.12749948686370483,76.21650858993138,76.21642939119836,76.38832315233982,30.512620635193127,2.118668526086849,29.570128873823155,29.553059416957467,32.40952283272418,0.05715339177660628,0.0037434451516138428,0.05559752125722483,0.055133246809319955,0.06053363339171367,0.03403884715146098,0.002005719802038774,0.03314187006303781,0.033139004923187845,0.03583342478257834
pid,figure8_unseen,horizontal_pair_loss40_gradual,5,0.0,1.0,0.25399472773080845,1.4209714226563999e-05,0.25400059655619567,0.2539824626657426,0.2540032447606556,0.3477660802664812,0.0007590724618763508,0.3482703047905096,0.3471402834643009,0.34831731494985885,5.209787431163361,0.0005059312976934316,5.209722783952493,5.209375952625157,5.210160989638476,7.01438633349254,0.00916695021374905,7.011991103873232,7.007648099692696,7.02193706615576,0.04602258441055885,5.502619007446655e-06,0.046022023437095015,0.04601885157436269,0.04602735500235191,0.7402255639097743,0.0015726692228083777,0.7406015037593985,0.7390977443609023,0.7413533834586467,0.8322804346439423,0.0005381515709892538,0.8323608739745512,0.8318182936965813,0.8326989125243568,0.0,0.0,0.0,0.0,0.0,1.8956739705665768,0.05343951824950964,1.9161972499489368,1.8557602490182035,1.9338195139846448,0.0,0.0,0.0,0.0,0.0,0.33484655577927874,1.5326927842018554e-05,0.33485459923399313,0.3348327507988203,0.33485646335675634,0.3800203630022591,1.3607199226777037e-05,0.38002340640332144,0.38000833791016175,0.38003000724754316,177.9629408962087,0.00801109893839164,177.96447413244115,177.95592136535933,177.9682436800747,76.76150585853594,0.005468407178379292,76.76210944833768,76.75667598098424,76.76519134308742,29.659641445097503,0.018525592270862666,29.650919437818942,29.64637740801977,29.675738746879972,0.050227174163384326,0.00038670898818247854,0.050341671728675624,0.049918177404192715,0.05052135901768873,0.06389937999299397,3.2720565954618627e-06,0.06389902622639648,0.06389675749845256,0.06390205728896946
pid,figure8_unseen,mixed_horizontal_vertical_loss30_abrupt,5,0.0,1.0,0.21761443897457378,1.7794964604782378e-05,0.21761301352643164,0.21760101620392583,0.2176284643791032,0.3120941128326621,0.0004932560930188514,0.3122267428938315,0.3116718467200344,0.31245274626558545,4.084841928687635,0.0002848762717678326,4.0848464194172704,4.0846255057918475,4.085058351583423,6.162137378983853,0.005449447229857722,6.160229962101519,6.158367704592914,6.166465538319302,0.039741642030555795,6.588366870891119e-06,0.03974516018650128,0.03973611722638761,0.03974649579803163,0.8868421052631579,0.002450827971880692,0.8872180451127819,0.8849624060150376,0.8887218045112781,0.8183157508913503,0.00012250484146901212,0.8183513845581688,0.8182179318459741,0.8184094562514858,0.0,0.0,0.0,0.0,0.0,2.0002721583650787,0.15655628110389633,1.953781319916743,1.9147660966264084,2.139867418337418,0.0,0.0,0.0,0.0,0.0,0.3297503033347232,2.1484452660677197e-05,0.3297478463802827,0.32973599062115055,0.3297686167603523,0.37773497742276096,2.707951182227407e-05,0.3777336406219723,0.3777176127605267,0.3777575098230948,175.31111812666407,0.13577168740000095,175.2532413944386,175.24786182143237,175.4325336801537,75.86293718138134,0.06413704084026958,75.83596965441252,75.83204110608679,75.92086883085861,29.3010546111083,0.023569964719931145,29.31426968404297,29.28045558074134,29.317248970311475,0.05311891289661258,0.0006428631611857644,0.05295698453304281,0.05266497690956655,0.05366302093956158,0.04012114010115816,8.040669127253298e-06,0.040117079962796405,0.040115813277784254,0.040128342908066696
pid,figure8_unseen,nominal_adapter,5,1.0,1.0,0.19278127240732518,2.0119713338145827e-05,0.19278373834262474,0.19276359366183052,0.19279529139859136,0.26246238542472095,0.0005532886572233412,0.26255065026635627,0.2620107917870416,0.2628766520396944,3.8632059366199036,0.00047373203440085785,3.8631723005131313,3.862847340547553,3.863568593057915,5.477923706010897,0.0016399924849767647,5.4775457701519095,5.476679351080433,5.4791680609413635,0.03604825624901565,5.088777690519382e-06,0.03604767451303618,0.03604460095512611,0.03605267656760214,1.0,0.0,1.0,1.0,1.0,0.7943816097276428,0.0004012291584500523,0.7944583148040342,0.7940812909439616,0.7946819285113241,0.0,0.0,0.0,0.0,0.0,1.9748969126085285,0.16973853404858052,1.9410839601187035,1.849573128594784,2.0979366007086355,0.0,0.0,0.0,0.0,0.0,0.32944701019145917,0.00015215339561033836,0.3293776007944112,0.3293723625942818,0.32958433746668614,0.37787020907890123,0.00010943026562949536,0.37781873552532796,0.377813651406124,0.37796959630969323,175.0427134921159,0.04057533561261354,175.05546027033003,175.00573403335662,175.06524442875744,75.8686890698888,0.009680216932975058,75.86816781906269,75.86057794206977,75.8759493718587,29.49215387962646,0.019301558103579034,29.493197774489282,29.477930637543682,29.507251261588266,0.056463366938970985,0.00033245170166701447,0.05660511623805524,0.056191393650711706,0.056703305339787416,0.019483273497922133,1.2083956091281862e-05,0.019476745600463176,0.019475482832977814,0.01949392485089989
pid,figure8_unseen,single_horizontal_loss50_gradual,5,0.0,1.0,0.24457497139272455,1.4238059729728059e-05,0.2445817492471747,0.24456398534385698,0.24458585715505538,0.37524368431099636,0.0005142008357760677,0.3751589351909033,0.37485116702887955,0.3756469665581032,4.8749149125742814,0.004460729181117403,4.876440613208436,4.870841108602391,4.877458863971417,7.616188547272354,0.001624660843276122,7.615195258142029,7.614983926967085,7.617478786103675,0.04391450247118321,1.6515706412289253e-05,0.04390704184897805,0.04390639495193149,0.043929430287267195,0.7281954887218045,0.001029553679521027,0.7274436090225563,0.7274436090225563,0.7289473684210527,0.8372534020857889,0.00011948792538374771,0.8372171904001846,0.8371810324234186,0.8373565760382329,0.0,0.0,0.0,0.0,0.0,1.990975176129723,0.08253520339881162,1.9857859596959322,1.9352907284046523,2.06195943208877,0.0,0.0,0.0,0.0,0.0,0.33531421130563677,7.065936519257483e-05,0.33534607846910025,0.33525410097517633,0.33536625028392647,0.3816484486735302,2.2620935369891053e-05,0.3816504020728212,0.381628934219845,0.38166597943040026,178.21795230323718,0.03534846684669652,178.23228551220052,178.18719178014854,178.24344984711792,77.4234654875522,0.00903096601423845,77.42345867431382,77.4157761991884,77.43044271042561,30.15226933553928,0.9577432581307411,29.48615653935163,29.45654232625955,30.930027992973788,0.055199381047849515,0.0019421465660847837,0.05383101601312285,0.05377571014985779,0.056697335367417466,0.0637327996504357,0.0002104198664035897,0.06359801042968558,0.0635903387022965,0.0639202215880137
pid,figure8_unseen,vertical_pair_loss40_gradual,5,1.0,1.0,0.19270739630287953,1.1094275150805026e-05,0.19270790443726427,0.19269785079414944,0.1927154015487303,0.26235690454139926,0.0010870304551702458,0.2626195438597304,0.2614513319387134,0.26316025774119856,3.4049017437126863,0.014351442670056577,3.411248270591152,3.392039079189727,3.411412555105362,4.98043295631896,0.010355337838876938,4.984367769850369,4.971242480714251,4.986518457815812,0.03602446355521709,6.787411096586816e-05,0.03599494855732274,0.035993224993069464,0.036085394157613984,1.0,0.0,1.0,1.0,1.0,0.7946210940253928,0.00027713250035399774,0.7946090300859724,0.7943860347880498,0.7948256434741674,0.0,0.0,0.0,0.0,0.0,1.9826248638928519,0.11221462727117658,1.9269200798225945,1.9019483520751237,2.0806942157942103,0.0,0.0,0.0,0.0,0.0,0.3226812748951047,0.0001303356903658127,0.3227380458760198,0.3225638919569316,0.32274707613149173,0.37339110017776866,2.4331214548208712e-05,0.37340348392999767,0.3733697415904455,0.37340666164239544,171.49359258637006,0.0724850471896535,171.51824322581587,171.4274816829941,171.53379315807814,74.10131176020391,0.011306015720941908,74.10376349564665,74.09181616258243,74.10966553622043,29.663633387553507,2.0245853930186097,28.758363019754135,28.752190404883248,31.475690042012275,0.057499769890606414,0.003183045451010018,0.056180008942508936,0.05591149800324139,0.06038481208394499,0.03732925274350655,0.002249288898381601,0.03632490213632274,0.03631909189441221,0.03934180530835879
pid,helix_unseen,horizontal_pair_loss20_gradual,5,1.0,1.0,0.15274758631358906,4.1675382229682995e-06,0.15274616437699018,0.15274461926344665,0.15275117508659292,0.2529644277988444,0.0004979458557789885,0.2528269342351571,0.252577901245988,0.2533509543517007,3.6648440374568088,0.0006813640243645711,3.664642981877365,3.6644735789583387,3.6654576997467343,6.227983112999797,0.00857822908013617,6.229516107678935,6.220846014080578,6.234604772669753,0.030320346594330656,7.46774735542649e-06,0.030319299402755163,0.030315638312846265,0.030326841554076323,1.0,0.0,1.0,1.0,1.0,0.762984047143738,0.0003593245709737171,0.7628996596634158,0.7627132395867148,0.7632731742547846,0.0,0.0,0.0,0.0,0.0,1.9460015121840097,0.06774577705126884,1.921293839259302,1.9095425772502477,2.008069015642831,0.0,0.0,0.0,0.0,0.0,0.30664975566683317,0.00015748235669339676,0.30660407381868976,0.3065487611528238,0.30679450036668526,0.3566445135272357,0.0001071973788731436,0.35661025224218706,0.35657950597095267,0.3567420239963786,182.66201094512945,0.030991210458060036,182.68108360022427,182.63852228757997,182.6851477501636,75.78268015078868,0.010085161406223732,75.78640268730393,75.7745193115483,75.78934060838887,9.602568327288798,0.5637313271043896,9.305378273284743,9.243458101855488,10.111239660518326,0.010911834229049863,0.0009909616409346058,0.010316300358905748,0.010291877904914926,0.011818113366239011,0.025117327156392717,0.00012918779669304737,0.025050363837155996,0.025035407090287953,0.02523449962673514
pid,helix_unseen,horizontal_pair_loss40_gradual,5,0.4,1.0,0.18433742875086978,1.0814480297839734e-05,0.1843367906095929,0.18433050586712946,0.1843464979475056,0.30523552379715707,0.0003003275719149268,0.305340822540354,0.3049764035487285,0.3054442565486696,4.063257131561453,0.0001123961307040597,4.06330021508812,4.063167873860339,4.06334248091637,6.791083883227498,0.0061536171079499356,6.793376673349557,6.786326315889975,6.795427332385897,0.035329679502077625,2.7456048466353874e-06,0.035329890111744026,0.03532747020524297,0.03533172694756679,0.9013422818791946,0.0030014335268453447,0.8993288590604027,0.8993288590604027,0.904026845637584,0.8057582761460473,0.00022212800432659354,0.8057326547895793,0.8055899663396696,0.8059323413686427,0.0,0.0,0.0,0.0,0.0,1.8894572876379236,0.054952340832937756,1.92128028080333,1.8449594464909744,1.930134679874754,0.0,0.0,0.0,0.0,0.0,0.31035960747704455,0.0002346036174489718,0.3103389268542901,0.31016483100933523,0.3105383106931666,0.35949904047912595,0.00016711283448317553,0.35948590353172477,0.3593601697994904,0.35962611132005573,184.9184742752171,0.04567967633360216,184.90571919079184,184.88518080479395,184.95178219488778,77.02197108204757,0.013118561031756746,77.01612050617189,77.01430195560106,77.03361188906271,9.450905411964408,0.8421257167002276,9.102150232715498,9.043656531319467,10.204684566196784,0.010859745201927262,0.0016870301887613771,0.010178955697674845,0.01003518010912639,0.012374264037368233,0.05577956615815194,9.561389926213777e-05,0.055740478839212404,0.055723523269733,0.05586292810936021
pid,helix_unseen,mixed_horizontal_vertical_loss30_abrupt,5,1.0,1.0,0.14219304857704956,6.976922947978279e-06,0.14219512776330312,0.1421873040691607,0.14219797846966378,0.23953343503952174,0.0002243507183432369,0.23940748475720677,0.23937750373209804,0.23973183913549656,3.1523568245484452,0.001256371192334025,3.152879663899298,3.151224675746742,3.152969107636861,5.467012387065621,0.0026051894447340915,5.466523124530379,5.465158551804651,5.469195927011946,0.028040296399344834,1.3688081064855998e-05,0.028034414908556803,0.028033455635750652,0.028052604473677217,1.0,0.0,1.0,1.0,1.0,0.7466334209655721,0.00026508557376459603,0.7466212972274413,0.7464456187671031,0.746859760572831,0.0,0.0,0.0,0.0,0.0,1.9107354749576175,0.03979850640440801,1.8986348810722102,1.8810441177629393,1.9440340586443174,0.0,0.0,0.0,0.0,0.0,0.29852237084152344,0.0001416287989666706,0.2985862436461782,0.2983942689126481,0.2985923577080666,0.3485698896892503,0.0001039875505595891,0.3486123781702311,0.34847589533167245,0.3486202937379679,177.91657337429535,0.025540198344573533,177.91035195669238,177.90103713997885,177.93986682042873,72.42982460527325,0.002420124676802143,72.4289482501406,72.42796583768217,72.43168337286436,9.382801385991959,0.5342426786213886,9.18226699731857,9.11871940739298,9.86418145829734,0.010760974705540504,0.0010331180159947801,0.010373959563711524,0.010153262114251087,0.011686711106880094,0.032414374763192186,0.00011894559123991517,0.03236785066691984,0.032354592141074875,0.03252230390635598
pid,helix_unseen,nominal_adapter,5,1.0,1.0,0.12666878462816414,4.107657918877004e-05,0.12665588529497843,0.12664376030877222,0.12670559847325555,0.21088179944215962,0.0001203728292950284,0.2108927062823837,0.21078566385297082,0.21097886591196618,3.3043844238416398,0.0007368364280248494,3.304217541614784,3.3038755801109616,3.305019055149902,5.674103934462684,0.00663438082336005,5.676360885822696,5.668485886199905,5.678919017637325,0.026078946555078787,8.60530219812437e-06,0.02607627765275248,0.026072202780364224,0.026085690329793344,1.0,0.0,1.0,1.0,1.0,0.7239221908800401,0.00018215687211574366,0.7239672736743852,0.7237816006804957,0.7240627810795844,0.0,0.0,0.0,0.0,0.0,2.010979648592183,0.20699530257503754,1.8988742801229814,1.856175801069184,2.166174808451615,0.0,0.0,0.0,0.0,0.0,0.30211584827315835,0.00019757483295801528,0.3021613125638454,0.3019381669744618,0.3022382052757587,0.35367776120616207,0.00013861591697195423,0.353701175592851,0.3535534440377709,0.35376449378888947,180.05607744889963,0.02802388853110864,180.04706715976653,180.03596260783146,180.08005179581926,74.5676900405231,0.02073938385073161,74.55843293987816,74.55398112404761,74.5850120380396,9.822246021856884,0.6218647456714694,9.449342831899537,9.370793475136226,10.353647210460649,0.011055446402441601,0.0009545390767128251,0.010610241752728098,0.010449879039969016,0.011902871759518614,0.00485816817101935,0.0007979206735284965,0.004299148081416044,0.004274254666244074,0.005484746682472357
pid,helix_unseen,single_horizontal_loss50_gradual,5,1.0,1.0,0.16388785212310808,8.431787518595602e-06,0.16388606459983612,0.1638817271404885,0.16389503520595536,0.27869173896598554,0.000690438090223335,0.27876152919899144,0.278135635893768,0.2792126570755248,3.5556976850309083,0.0027814506197623677,3.556652882260151,3.553148094763487,3.557282074225796,6.161388261631845,0.008820435301447917,6.164720557502761,6.1542942541168255,6.167328943725436,0.03148583215018736,1.4154937951592685e-05,0.0314792245500564,0.031479102992612286,0.031498618013612575,1.0,0.0,1.0,1.0,1.0,0.769002487469417,0.00030652126360096633,0.7691260715126528,0.7687349486501043,0.7692015881893006,0.0,0.0,0.0,0.0,0.0,2.0674683763281783,0.1814483249043094,2.0967345199824194,1.9081564246880585,2.193192872131473,0.0,0.0,0.0,0.0,0.0,0.3000916198124805,0.00020381904868098442,0.30007457901067536,0.29992710838100833,0.30026937625140243,0.3476750367633153,0.00010097926486326218,0.3476284269804798,0.34762632664267507,0.34776621315198725,178.75496184656814,0.06585593953361402,178.7939898976061,178.69492256230342,178.79584314680739,72.01967339738346,0.0030958584117027205,72.01945256895426,72.01729098165383,72.02227608614785,9.88846236853449,2.162463846423857,8.97355307054751,8.849247819906129,11.841406144481285,0.013409797002685565,0.007973421006682562,0.009786213389168576,0.009727171909613488,0.0205703818052828,0.05536362624389636,0.0005175347607767421,0.05512425286162703,0.055122563523556115,0.055829768840976145
pid,helix_unseen,vertical_pair_loss40_gradual,5,1.0,1.0,0.1284076041852645,8.729489070979689e-06,0.12840399443748596,0.12840198945969136,0.12841484234986777,0.21273888473760555,0.00032103637907500345,0.21286618909273927,0.21249108339393744,0.21298668608127355,2.737515244490303,0.0016367785608084559,2.7368497820657445,2.7367088724708735,2.7389854587363893,4.753380905792563,0.02794315450425115,4.741587922648553,4.737197562883143,4.778020014876363,0.02568219856483821,1.141154033943872e-05,0.02568004001473478,0.025674695551849723,0.025692199722912663,1.0,0.0,1.0,1.0,1.0,0.7206180026279811,0.0005455461153843869,0.7204148265549275,0.720243333476464,0.7210739840735131,0.0,0.0,0.0,0.0,0.0,2.1278982401126973,0.2477839248918046,2.127837121224726,1.9311987042019598,2.324597776023435,0.0,0.0,0.0,0.0,0.0,0.29228397815079066,3.3375089562149877e-05,0.29229412149244105,0.2922542227670722,0.2923019227827847,0.3464520324270742,1.7748714586520568e-05,0.34645645842442796,0.34643639299345674,0.34646203901912626,174.14692270145216,0.019959284003211203,174.15248330058887,174.12891461155056,174.15771305223353,71.53199163826591,0.007429679500140418,71.53465975709894,71.52531301849862,71.53602132025385,9.372309172565675,0.5510285899047046,9.142250468773497,9.098612035946099,9.86929404215014,0.010771614974616362,0.0006369295791242754,0.010491052388290022,0.010448903268299125,0.011340208616628548,0.03484152867414769,0.00014810745738452213,0.0347740231139395,0.03477283398445695,0.03497456868098332
swim4track,circle_level,horizontal_pair_loss20_gradual,5,1.0,0.8,0.06956985697098218,0.0005751652443443654,0.06966149659833237,0.06911219045508155,0.07000252903688214,0.07694867606151758,0.0009060022744269688,0.07716040345094398,0.07618755808026605,0.07763447646104774,5.634737332244503,0.098498746340856,5.656521782627425,5.561994577549074,5.710021194483738,8.902114931896808,0.19146403274033605,8.886537630772157,8.756679928991089,9.059978188914721,0.04793839864422946,0.0006080484994939053,0.04784143085333815,0.04749327337014524,0.04841422501989258,0.9924,0.004979959839195498,0.994,0.9879999999999999,0.9955999999999999,0.9147705776356949,0.002154880483539528,0.9152121523568675,0.9128734756917363,0.9162411660318174,0.0,0.0,0.0,0.0,0.0,3.2775104005631874,0.08873303178187339,3.296126639761496,3.204938537091948,3.3433567764077443,0.0,0.0,0.0,0.0,0.0,0.35935568216266356,0.0012646235576348433,0.35957231663113504,0.35835972654479054,0.36031266643241755,0.43924986825642687,0.0012499201371948107,0.43956317522564337,0.4382735137741832,0.44021455106561547,179.4697811976402,0.5767913759619356,179.51929158440365,179.01890121590674,179.90716695663826,96.36462978070251,0.5003508633327706,96.4435507413155,95.97646801764745,96.75279154375758,611.9241505805123,1.3975855891321707,611.9825038790561,610.8304426145493,613.0006124185695,0.5015176544000652,0.0007576554513225616,0.5014625129908364,0.5008960439722049,0.5021088229105206,0.4571372603638381,0.0026674662325478072,0.4570651499487535,0.4549992177881693,0.4591446257460851
swim4track,circle_level,horizontal_pair_loss40_gradual,5,0.8,0.4,0.08436496249987825,0.0007114995993069395,0.08465868775139058,0.08378632269735846,0.08489651731949686,0.09454797246243064,0.0006424142925976055,0.094752507762746,0.09400038233271897,0.09498333952042828,7.078778623387447,0.09952395087362739,7.040168620959594,7.018121469933513,7.164058023410038,10.215479137788483,0.12123239050586591,10.186421040925637,10.125312150181589,10.314254307734487,0.046684608288929265,0.00029681370825424897,0.04670692875367189,0.04642451945191324,0.046918624042853165,0.9124000000000001,0.01485934049680538,0.916,0.9008,0.924,0.9214627244081643,0.002155861746921855,0.9204516815979282,0.9198496276854928,0.9232471838199382,0.0,0.0,0.0,0.0,0.0,3.2554363109811675,0.025390194723404973,3.269181076611858,3.2361305989325047,3.2747420230298303,0.0,0.0,0.0,0.0,0.0,0.3676804022658499,0.000719403907127822,0.3676415287857758,0.3672221320563196,0.36830727740732455,0.4443391126514179,0.0005568160064859768,0.4440262378999932,0.44398334189648414,0.4448446546041082,183.55511043664106,0.4533666207304466,183.5476967840351,183.2072492903271,183.94257302488546,98.59210612278687,0.30076716509489076,98.55339811792958,98.37508616677681,98.83977363708894,573.8975207636436,1.0081043773755227,574.0178482680266,573.0432604330233,574.6124732642272,0.4841513675599434,0.0008320666482876274,0.48390518237456165,0.48356033075592847,0.48484524536687335,0.4461255896022586,0.0007165077013751622,0.4462098040404062,0.4455692579362126,0.44667472038397643
swim4track,circle_level,mixed_horizontal_vertical_loss30_abrupt,5,1.0,1.0,0.05340592546167464,0.0004585668141840185,0.0535306591209142,0.053026088023440124,0.053748107353659744,0.061064780209704884,0.0009469308451279781,0.06120284192475136,0.06031079465916489,0.06181876576024485,4.496338976136391,0.046686195544597596,4.493844916624783,4.459840517929936,4.532837434342846,7.612477583316083,0.07461808163781028,7.57685531130282,7.561302994707742,7.6767745433075,0.045563618178827314,0.00026673121835499633,0.045573074670161494,0.045351446559920114,0.04576872551673642,1.0,0.0,1.0,1.0,1.0,0.91773137958647,0.0036808633593560787,0.9160215979237141,0.9149004977309442,0.9205622614419958,0.0,0.0,0.0,0.0,0.0,3.320434087774629,0.08901349485245531,3.284223759856104,3.253003217108926,3.387864958440332,0.0,0.0,0.0,0.0,0.0,0.34337670449810365,0.0005272269419455489,0.34349265377456084,0.3429812357698959,0.34377734376472435,0.42598839121343407,0.0005381650239857939,0.4259995153832337,0.42558304053822366,0.4264023418228306,171.46455362979037,0.22057601446388012,171.5118360361348,171.29072600729302,171.62832869264145,90.62695151088084,0.20609959970358635,90.70078554666622,90.47349115357113,90.77701008262729,593.8136817701961,0.9962603324892554,594.1106850010656,593.0234593510212,594.490367575652,0.4897493595018208,0.0023026125849465603,0.489748070021603,0.48805397111254417,0.49171814104188283,0.4359723877174103,0.002340193567188947,0.43592449211035966,0.4340757548565496,0.4377455105494511
swim4track,circle_level,nominal_adapter,5,1.0,1.0,0.06324649346780595,0.00044718659848794147,0.06329383576000235,0.06286736219672581,0.06358535392773958,0.07064872169598743,0.001411461689157272,0.06997519937063781,0.06981188912317027,0.07190756110396065,5.102734724890766,0.11461501634121217,5.096517469966157,5.0079381258187885,5.200373362036321,8.257026540889317,0.1165223301691531,8.264725361238249,8.159687208193683,8.340672394197842,0.049029347677742884,0.00036884356875212774,0.048886417455272106,0.04875330531285817,0.049332651555274755,0.9987999999999999,0.00268328157299975,1.0,0.9964000000000001,1.0,0.9096077160808642,0.001915573371883779,0.9098507289761593,0.9080657530649999,0.9110465590677965,0.0,0.0,0.0,0.0,0.0,3.3129473520780266,0.06053677531682003,3.285682159475982,3.267584320350579,3.359194711962573,0.0,0.0,0.0,0.0,0.0,0.3565235084271232,0.0008062807442937505,0.3566884311477214,0.35586511195733017,0.3571146256518197,0.4387392547224859,0.0007737272298308546,0.4387743638065813,0.4381049869465071,0.43930556105777885,177.92723178202758,0.4546891408047813,178.09344672454242,177.57114330731568,178.27715479647298,96.04165079071447,0.3686255362450437,96.21136222488391,95.7428044152218,96.31970452509594,643.8575677502893,1.9622571753606792,643.4739307764113,642.6189129959821,645.5403498653876,0.5210728882251289,0.0008908524220211436,0.521077701421275,0.5204484625717348,0.5218109680713839,0.4668400515124551,0.0037149111885796077,0.46657259040932203,0.46389068164866,0.46978942137625024
swim4track,circle_level,single_horizontal_loss50_gradual,5,1.0,1.0,0.0454883482167308,0.0002942051019449073,0.04545647877255082,0.0452641541785618,0.045742958346055414,0.05382212227807417,0.0005477036718979625,0.05366850214672043,0.05341910715739238,0.05425450639287256,4.92298813250774,0.022861381851308947,4.9251030865007,4.905463815923448,4.940484400870785,8.436158492459572,0.06851337992153446,8.438868757679451,8.382326425556696,8.487398671440257,0.04598295411987715,0.00018590074299355147,0.04598753282611992,0.04583560393708364,0.04612481720227518,0.9992000000000001,0.0010954451150103333,1.0,0.9984,1.0,0.9202465192581337,0.0015519620075795937,0.9203305482106738,0.919197183069346,0.9215362133404593,0.0,0.0,0.0,0.0,0.0,3.2498141754913377,0.15104296998135608,3.248183442192385,3.124366293530329,3.354961824894417,0.0,0.0,0.0,0.0,0.0,0.3444200463002953,0.00104225140095666,0.34460584287703644,0.3435512218399458,0.34513750443371377,0.4295433378989152,0.0008671156675138285,0.4296307867042637,0.42879732009247523,0.43010801337264315,172.1322140753726,0.5664358015229582,172.36794770179586,171.63648675319237,172.50935282404413,92.24056692789857,0.3955725484365009,92.32174318344559,91.89208523504553,92.48503285871902,607.1809002945256,1.6737302314989202,607.7604232496667,605.6825897442544,608.1828522165548,0.5010845851559762,0.0015205837328268557,0.5014040786838524,0.4997796709505879,0.5021909063783201,0.43354759503885115,0.002823667012628104,0.4342644129300757,0.4310287843748067,0.43538407043219723
swim4track,circle_level,vertical_pair_loss40_gradual,5,0.8,0.8,0.11582907728823784,0.11365217434941281,0.0651695186858213,0.0646351299228689,0.21754811643266767,0.20791462386501508,0.3028209635345365,0.07366679226152195,0.07161347223418504,0.4788262223993384,8.986538278323504,8.876576772674312,5.043226651496568,4.981631862060628,16.93639557119895,17.883933080747223,22.6172647562145,7.835149944985687,7.687432413232605,38.126048201675374,0.07239628739284314,0.05614235685282939,0.04737208146054732,0.04712428455331489,0.12264428255573596,0.8952,0.23433992404197798,1.0,0.6856,1.0,0.9287339644207225,0.03987790719359806,0.9122502101993653,0.9095681253111684,0.964638983725919,0.0,0.0,0.0,0.0,0.0,3.3657786399053284,0.16847839601678713,3.3266147198446556,3.251601423980901,3.504376631113697,0.0,0.0,0.0,0.0,0.0,0.35619136423835934,0.03297082744926737,0.34197833212692713,0.3410502063135549,0.38572698057995664,0.44096383641106635,0.03563498577864981,0.4253827125403239,0.42465350579575956,0.4729347922523511,177.8424792730853,16.479321244058834,170.77327070606077,170.2061395888557,192.60915572396175,97.58629664984656,16.551654006894285,90.31277673937336,90.02597298037298,112.44005516537327,579.6736630099061,50.13115727118897,601.8218488065706,534.5000622982407,602.9418483866926,0.4933548336320171,0.0017315586182638008,0.49307170593114263,0.49211725646791055,0.4948895620567262,0.4401888823373059,0.026771333191105265,0.4503184180107652,0.41572764217697555,0.4542481011157215
swim4track,figure8_unseen,horizontal_pair_loss20_gradual,5,1.0,0.6,0.13912518190992781,0.0006930736102571494,0.13899448565942105,0.13860136750336324,0.1397242565142564,0.2719644132977296,0.0016233919852304004,0.2715422814558557,0.2706882910484981,0.2732405355469609,5.869802715144731,0.03443168378153164,5.872855732462018,5.844783588407514,5.896701651529207,11.232357890051329,0.1635674888740872,11.134026112546756,11.109516050647724,11.356485507415075,0.0398986432339675,0.0002838855618041773,0.03979561577018833,0.03967631887674665,0.040120967591188356,0.9849624060150376,0.00132914808493709,0.9849624060150376,0.9838345864661655,0.9860902255639097,0.959197542816353,0.004633211848672718,0.9576823671431208,0.9558323183714214,0.9632028361568905,0.0,0.0,0.0,0.0,0.0,3.3022594330359425,0.09308492280509974,3.3406732394360006,3.22119763477167,3.367871912603732,0.0,0.0,0.0,0.0,0.0,0.31670919463781033,0.0006578114194806569,0.3168760930774865,0.3162085599184806,0.3172098293571401,0.39461059335623,0.0007034429627807884,0.3945965215097841,0.39405377575436706,0.3951674109580929,168.30682353670528,0.36273481681341957,168.38484381442692,168.0293564432781,168.58429063013244,82.7591335696524,0.30103325415911547,82.74508569469081,82.52038624996842,82.9978808893364,393.00426014287814,5.215349981322538,393.6076763917547,388.97410242182804,397.03441786392824,0.46804421599172186,0.003204323421378415,0.4682730273651518,0.46567406863046734,0.47065564999501186,0.2528349817996327,0.0027002006251026934,0.2531128987489783,0.2506895720266326,0.2550282878227369
swim4track,figure8_unseen,horizontal_pair_loss40_gradual,5,0.0,0.0,0.14587981748755352,0.0003494174642356826,0.14597284486049097,0.1456153989080946,0.1461442360670124,0.2968622060164364,0.001629057841340758,0.295924520530725,0.2957603395698801,0.2982672031095114,7.586759804749259,0.027143519069501246,7.574901375917753,7.5663656599141,7.6087965973193885,14.49579023003622,0.09367381274119486,14.471959291473087,14.43615302556953,14.577595527502211,0.03862763312822758,0.00022441590681707016,0.0386502546507813,0.03845427110661864,0.038797441008906496,0.8894736842105264,0.0048654808667461715,0.8909774436090225,0.8853383458646616,0.8928571428571429,0.9438373063996925,0.00408948681346005,0.9413282227085318,0.9408045643630866,0.9471190370966959,0.0,0.0,0.0,0.0,0.0,3.2991612843579787,0.08148559857286876,3.3277241412724834,3.2276590480760206,3.357211292539432,0.0,0.0,0.0,0.0,0.0,0.31871184671733105,0.000542638717379262,0.3188979639050069,0.31822728429269076,0.3190428072049273,0.39207840411241757,0.0006701202210626464,0.39220667394965847,0.391498257696328,0.39254495633910735,169.37755721598595,0.27939385024254926,169.49891096053608,169.12413283913955,169.54371981992213,81.70660144104963,0.2679346982453753,81.77129049117067,81.4775353803553,81.89180151606664,321.69453609661406,3.5369871670319233,319.521706755212,319.1000375792316,324.62781992978245,0.44904969160378394,0.003552330237215038,0.4505098857856134,0.445974455375886,0.4515091578021443,0.23036099741507893,0.0026298658065344142,0.23057426875598305,0.22831453261256024,0.2323849170611986
swim4track,figure8_unseen,mixed_horizontal_vertical_loss30_abrupt,5,1.0,1.0,0.13307967927844527,0.00023611761263112586,0.13304218062062786,0.13290187222597122,0.13324684677765494,0.26169432156077554,0.001085773680349755,0.2616149439046234,0.2608939180298334,0.26262447070390943,5.305025034864811,0.008593968251947927,5.308503700109564,5.297647931234712,5.310583315083644,9.306887548787307,0.044238540412889264,9.30524147733826,9.273284941059718,9.339795709468325,0.0383871295585186,0.0001431057979475801,0.03844376213466913,0.038272890929962965,0.038496294401378986,0.9996240601503759,0.0008406270592104286,1.0,0.9988721804511279,1.0,0.9713161097856808,0.002122551173869215,0.9716930840015495,0.9695859319584985,0.9729110896865258,0.0,0.0,0.0,0.0,0.0,3.3146034564852016,0.06524317686900644,3.315672917815391,3.2704811060102665,3.369503344016266,0.0,0.0,0.0,0.0,0.0,0.3132818511816644,0.0004101649744412482,0.31307800804672614,0.312967138097144,0.3135965642661848,0.3920141804042211,0.00043537083274108824,0.3917971289905284,0.39169791514022584,0.3923901180064994,166.5490487137879,0.19151665594846748,166.5518958838876,166.39607057552945,166.70202685204634,81.70957711528973,0.1616596977215193,81.69262349138735,81.5864247346822,81.8327294958973,376.23073311564315,1.594258341005536,376.4531181472315,375.0505817410218,377.4395019701775,0.4549677257438499,0.0010683570697340476,0.45490771480023284,0.45413879113978384,0.4557618279246041,0.2499303254007011,0.0010650264973046685,0.25019943072146644,0.24912810274512404,0.25072728400612787
swim4track,figure8_unseen,nominal_adapter,5,1.0,0.8,0.13551136052613233,0.0007010517705915128,0.13512856606977394,0.1350007556287087,0.13609382305193685,0.26139002686314694,0.0017377433296451887,0.26069749392542807,0.26005912304459355,0.2627209306817003,5.174246138708915,0.04848535578773412,5.161519436138414,5.138120879562317,5.21110621142398,9.238093291667331,0.10020964726845273,9.25784029941318,9.162289362445414,9.312845560807784,0.040996329223372666,0.0002829532329886154,0.04094441595451417,0.04078299415723183,0.04121067004985548,0.9988721804511279,0.0016812541184209006,1.0,0.9973684210526315,1.0,0.9718994866460058,0.0034200207522782325,0.972778215777607,0.968952166588949,0.9743456405307768,0.0,0.0,0.0,0.0,0.0,3.083509055541072,0.2757570855605176,3.262708640686469,2.8607402787893084,3.2862959996709833,0.0,0.0,0.0,0.0,0.0,0.3173499814062808,0.00031027528469943644,0.3174226080289813,0.31709172231975524,0.3175789390498661,0.3981268511330328,0.0003389479113803736,0.3982847256704518,0.3978651604733469,0.39838319107123393,168.65445027344012,0.17432359127706795,168.70669191276585,168.51224855061056,168.78616103841813,84.24395629342901,0.15605370218671114,84.33404971036266,84.11806000849201,84.3600006214817,437.2035053095172,4.19730877037146,438.35618601564136,433.41320389195965,439.9855535568228,0.483239593967064,0.0017972687974321876,0.48292786768021895,0.48206500216723003,0.4847629414329725,0.27002720931928054,0.0029851925913732557,0.27009879182624785,0.26745627060456584,0.27231429983555466
swim4track,figure8_unseen,single_horizontal_loss50_gradual,5,0.0,1.0,0.13007746545184934,0.0008897789017319963,0.12982642302157305,0.12940822838479132,0.13080470824017937,0.2554915292086399,0.0026322054467599327,0.25494962963326,0.25382120490418486,0.2578806417982831,6.595449174813167,0.031073956778282123,6.607645040004496,6.570083616639936,6.616500008879996,11.762695751493647,0.043995030539119226,11.772349098346325,11.726035318752684,11.795386124408086,0.03751885717559948,0.00036379029153976424,0.037346308597269146,0.037264865193136584,0.03783342959283983,0.8484962406015037,0.004118214718083925,0.8515037593984962,0.8454887218045112,0.8515037593984962,0.9679003614707691,0.0019471661102656468,0.9686958995533144,0.9662346590655471,0.9691854206616053,0.0,0.0,0.0,0.0,0.0,3.335424899851205,0.14371286769612449,3.2825586006219964,3.2543172275763936,3.4665058320606477,0.0,0.0,0.0,0.0,0.0,0.31939129625155943,0.0006247493673589801,0.319469066013608,0.3189412392484111,0.3198989019408648,0.39608670590693107,0.0005831704855732149,0.39607039489590196,0.39563646924761414,0.3965670800764246,169.74879719720744,0.30828551166360946,169.7757357868145,169.53756592104918,170.00248406731748,83.3910508115143,0.22483438505126155,83.34960852147381,83.22831750758482,83.58089046727432,368.9293142293547,2.854834332831247,369.49289416174196,366.4012273037671,371.0201190438262,0.462086236141805,0.0016346393789238244,0.4611516901173457,0.4608550686430634,0.46334458881475404,0.24952698817244706,0.0023348778878632638,0.24996196963801112,0.2474113380359141,0.25107825025397024
swim4track,figure8_unseen,vertical_pair_loss40_gradual,5,1.0,1.0,0.13590550650830252,0.00011511425128241717,0.1359045457158127,0.1358165884202227,0.13599870505223138,0.262514624170555,0.001345983840095194,0.26269360455083407,0.26148369816844713,0.26357883315989233,4.824443879845156,0.03826240398458575,4.837854107823055,4.789374275046515,4.846631330828077,8.796593990920059,0.1673824738276435,8.779966103701884,8.666267280453386,8.926920701386733,0.04090636647860348,0.00016230319940688744,0.04088055791515701,0.04079006218946584,0.041048388855068854,1.0,0.0,1.0,1.0,1.0,0.9734987862212998,0.001879610211142949,0.9730078095465585,0.9721565302566421,0.9750565761556782,0.0,0.0,0.0,0.0,0.0,3.2562793982360754,0.11813370222837005,3.2378364402757143,3.165939944279671,3.3466188521924787,0.0,0.0,0.0,0.0,0.0,0.30968212613225676,0.0005193116149880651,0.30956972999614746,0.3093205819487526,0.3101306928505151,0.39203321292737886,0.0004563193012292074,0.39195210417658977,0.39175178387234205,0.39243734427711696,164.58945116495676,0.22102865842068967,164.53878592225834,164.42403481735892,164.75486751255454,81.69311581144397,0.14169039575607392,81.69594831429018,81.58476290006065,81.80146872282732,400.7934870110888,2.6471264779975527,400.9169846855782,398.71105647495176,402.810862885526,0.4635009779723804,0.0013239088648409126,0.46303604439246715,0.4626399556161392,0.4646363716192733,0.26703144737069406,0.001706665387678006,0.26690262749634225,0.2657313501702704,0.26837378931467937
swim4track,helix_unseen,horizontal_pair_loss20_gradual,5,0.0,1.0,0.09212192113392308,0.0006457276817964634,0.09201656676834903,0.09163016444167918,0.09262367075715976,0.14362699814039398,0.0018233719399000396,0.14253007092417339,0.14238958643029692,0.1452337070372879,8.209374917700085,0.11889588553905346,8.241785210457328,8.101502969909742,8.27664092271863,15.489298211594113,0.2321159371861138,15.545072858819786,15.285585480091854,15.631961320846539,0.042583877151571324,0.00033950500473138524,0.042470317675775505,0.04236155251988183,0.04287259712899116,0.6530201342281879,0.007541008407464485,0.6526845637583892,0.646979865771812,0.6580536912751678,0.963728600191344,0.0006217462744202689,0.9635236052309413,0.9632536678494041,0.9642256395303674,0.0,0.0,0.0,0.0,0.0,3.247545130929211,0.17365963230737771,3.289451559248846,3.095840692112688,3.3501962802547496,0.0,0.0,0.0,0.0,0.0,0.3254166682076332,0.0008584514625697495,0.32568737250795465,0.3246644294509907,0.3260274099069772,0.42213215486917066,0.0005841765014358767,0.422109527488108,0.42170220942152703,0.4226153325719187,193.84567940954292,0.49334245603364885,193.87626669227566,193.44320294041387,194.24107020361438,106.18286186745131,0.3021265825795659,106.1648203830423,105.97480752692074,106.4392287019572,547.0976918721365,2.777157968141718,548.4021564491146,544.9872932278046,549.1769602942679,0.47966462841994584,0.001052842932364894,0.47936557757500736,0.4788397710739458,0.4804894857659459,0.35086319989222503,0.002721989799825504,0.35105634989223083,0.3487070391916346,0.3530193605928154
swim4track,helix_unseen,horizontal_pair_loss40_gradual,5,0.0,1.0,0.12485579644855524,0.0006074618837556973,0.12461006610281064,0.12451264880396698,0.1253987033158378,0.20026220330570665,0.0014355985941028316,0.20026878630693137,0.1992530967969901,0.201397463604567,11.672261379369726,0.04635034175749791,11.667285135989324,11.635325169064759,11.70780140522829,21.008270165653943,0.15788186699451326,20.991119387797827,20.898122535711952,21.133563874721936,0.04376136769583093,0.00012417389644522764,0.04370588197317048,0.04366706342241329,0.04385764675314683,0.46476510067114096,0.01215719525687034,0.46308724832214765,0.45570469798657715,0.4738255033557047,0.9740928137231609,0.0016420764060907419,0.9742071485319791,0.9728248527681675,0.9753586510326487,0.0,0.0,0.0,0.0,0.0,3.3324862956942525,0.09007099085745494,3.337533759477082,3.2624073929910073,3.406557367707137,0.0,0.0,0.0,0.0,0.0,0.33499978599160934,0.0005975691233243874,0.3353354653121551,0.33453596495013976,0.33544776182305563,0.43130634593091327,0.0004854755598829953,0.43152661343420606,0.4309288213902134,0.4316778116833504,199.66457875827615,0.2846520752727699,199.82135695120417,199.40835458932057,199.86216829085419,110.90467226471753,0.19787060880146032,110.98626009284001,110.74387135655397,111.05232815901044,508.1155810377618,2.5408197229678993,507.9923238958576,506.1721463654526,510.059015710071,0.46289658544909784,0.000574939045201632,0.4626197446260894,0.4624596292162636,0.46334913755653107,0.3374269571054701,0.001773883451819656,0.3375610754645683,0.3360471513770913,0.3388671188664777
swim4track,helix_unseen,mixed_horizontal_vertical_loss30_abrupt,5,1.0,1.0,0.06471144902577342,0.00033992713445604397,0.06477720885296558,0.06444376178719732,0.06497913626434951,0.08945227430102755,0.00033157087083554387,0.0893261712019274,0.08923948871217502,0.08974661670099882,5.305418336366279,0.051353246955305736,5.3225920643033096,5.263220165835657,5.343519525509455,9.980692727173054,0.07485866207403338,10.026489996139427,9.923498216737325,10.03675879590136,0.039775739304157995,0.00015197553017831547,0.03978355090685979,0.03965741696958438,0.03989472225719354,0.9362416107382551,0.00443918005212181,0.9345637583892618,0.9332214765100671,0.9399328859060404,0.9650695693277249,0.0030456534825753522,0.964152766000445,0.9626691782218184,0.9674699604336314,0.0,0.0,0.0,0.0,0.0,3.3318667199964684,0.06337860728839798,3.3083794788399232,3.2929078155211746,3.3875692315777983,0.0,0.0,0.0,0.0,0.0,0.30770355435881147,0.0005518182590760062,0.3079441686021427,0.30724690933306725,0.30810922323900103,0.40371529779424975,0.00031690670974527264,0.4035760252857304,0.4034738673079866,0.40396098376941125,183.29719979514707,0.37492108188187206,183.45046951999615,183.0122202553488,183.58217933494532,97.1265196153258,0.15230698988375865,97.08251460277216,97.00768582421911,97.24535340643253,521.9065242021798,3.046175684962519,522.1200237991906,519.3777450759435,524.0020445380317,0.4685355255523862,0.0003745603096676947,0.46846885445148767,0.4682774102687389,0.4688322301163869,0.3392155700020305,0.0024464110831179903,0.33945829828878993,0.3372667785463929,0.34110356370201705
swim4track,helix_unseen,nominal_adapter,5,0.0,1.0,0.07520258637206975,0.00039594560755956064,0.07535453938034788,0.07488510152025485,0.07550354130790482,0.10865036186793922,0.0011709355997356853,0.1080683488687171,0.10777883502618027,0.10962608610695823,6.243792442374257,0.15563685143520292,6.2802794654583645,6.113175116074922,6.356977831908177,12.017165096539966,0.23665791851451443,12.018795220442593,11.816929612822573,12.182670257267347,0.04295382043234884,0.00022687476450885784,0.04297359911993671,0.04277563518948219,0.043124481924280346,0.8345637583892618,0.01680367242758964,0.837248322147651,0.8221476510067115,0.8473154362416107,0.9658800158156634,0.0004756041744488372,0.9657894814377447,0.9655181979489542,0.9662418336823724,0.0,0.0,0.0,0.0,0.0,3.3077121836977312,0.037610219456916893,3.3100077001108725,3.2784880197723396,3.336936347623122,0.0,0.0,0.0,0.0,0.0,0.31839717847324833,0.0004690713131034808,0.3185160230380958,0.31797710193417694,0.31872049288603227,0.41581030149843307,0.00016377027779983946,0.41583263854178965,0.41568629823096426,0.4159343047659019,189.70376629918107,0.45603411455792486,189.72969973917628,189.30832495183319,190.05904388175276,103.04351166101756,0.1532474919483945,103.09752548615575,102.92657303501896,103.14871348827455,581.8003679903453,4.256427703634112,581.7774459784547,578.6434138389019,585.1796999190243,0.4979118393946913,0.000777502545374462,0.4975389062969414,0.4973185889730378,0.4985052835197455,0.366533415110939,0.0018570190464887336,0.36607916066233726,0.36523842884014146,0.368073525472018
swim4track,helix_unseen,single_horizontal_loss50_gradual,5,1.0,1.0,0.05168231484630918,0.00016365287482459097,0.05168303656136221,0.05154289691621121,0.051798688187392763,0.06620464226071507,0.0007233473064605699,0.0658529767103443,0.0656569761677835,0.06675721118121487,5.116226680916473,0.043235283205611874,5.117162041808161,5.0827704767763295,5.14998258325914,9.737822854034585,0.08564735933282924,9.737681529767826,9.675567633511063,9.806835167013102,0.03749234499491712,0.00016108816186892342,0.03744510992091237,0.03736918110645802,0.03762101037585518,0.9530201342281879,0.006389071397536845,0.9546979865771812,0.9479865771812082,0.9580536912751677,0.9654496954391056,0.0006759782321901686,0.9653594711504196,0.9649302882583548,0.9659742572038528,0.0,0.0,0.0,0.0,0.0,3.099258480573553,0.22699087758019718,3.037589200048385,2.9325155630722293,3.291098596253505,0.0,0.0,0.0,0.0,0.0,0.30567159923005394,0.0014453256172893571,0.30518230773621685,0.3047428113240569,0.30694028089683145,0.40388646118399674,0.0011409235898770158,0.40353867604496524,0.40310530780875126,0.4048618784118979,182.15325374525364,0.8595037058642259,181.82003688296163,181.6019336198357,182.86447293097373,97.22827060097981,0.5519029414474599,97.04015985498009,96.85839323760372,97.67902668727054,535.5679828188842,8.426240390753897,536.4567254085823,529.0643954234416,541.9786170016885,0.47448525751298665,0.0005808294323473453,0.4744767924060889,0.4740772386963322,0.47495961502435924,0.33335512742796586,0.004061068692274393,0.3334649472163746,0.3303604612732538,0.33658552587837626
swim4track,helix_unseen,vertical_pair_loss40_gradual,5,0.0,1.0,0.08260415919466838,0.0002496514331865538,0.0825672717638435,0.08240748004679536,0.0828008383425414,0.12406216711219623,0.0008010644004675859,0.12395814162839344,0.12347272899418385,0.12474722629432138,6.142938796325938,0.03610731309686256,6.158057955183603,6.1150091226439685,6.170868470007905,11.716391607040089,0.1910321466354323,11.758658513545296,11.569006093353874,11.863777120726303,0.04408020487764935,5.289580606628626e-05,0.04410239870363392,0.04403559290666007,0.04411947951653137,0.8520134228187921,0.008253942198824735,0.8489932885906041,0.8456375838926175,0.8583892617449665,0.9764777634897239,0.0001567550836097764,0.9764300334018011,0.9763565439321462,0.9765992282555794,0.0,0.0,0.0,0.0,0.0,3.3122627838674816,0.14715424871276087,3.301312600269739,3.1936797111702617,3.4158862801632495,0.0,0.0,0.0,0.0,0.0,0.310635803615962,0.0011101126070680474,0.3105006490887479,0.3097637451110886,0.31156890842780427,0.40797945661654983,0.0008189634358902201,0.4079411945471005,0.4073697428674752,0.40865382930631106,185.02468604468785,0.5720287482873574,184.9449501510733,184.5672246196712,185.47858690278147,99.16655521648235,0.332185080580734,99.17541585567338,98.88838603481028,99.43374417541662,534.8450965701722,5.138769344642855,534.8170437366413,530.7140334853232,538.4866565996514,0.4766685477250959,0.0003038512240753458,0.4767383562857907,0.4763945971902164,0.47685098498880335,0.36510073557201095,0.0028385053881563173,0.3662384137427353,0.3626119624382274,0.36714264702411487
tqc_dr,circle_level,horizontal_pair_loss20_gradual,5,0.0,1.0,0.05903923547540181,0.0007331641955592622,0.05902691026418215,0.058475066275828644,0.05960340467497498,0.06996989148160185,0.001167110371807975,0.07031720524410362,0.06900598086211791,0.07084532297320448,10.533453585882544,0.1379407399556446,10.597985180916895,10.412326433780043,10.631550376352596,13.660582904619929,0.14955058584419514,13.669496110078747,13.53894393959249,13.774855222684362,0.050932316777538976,0.00029303033568762874,0.050807568509972756,0.050727191665505975,0.05117106586779137,0.4356,0.04070380817564863,0.42,0.4096,0.4708,0.9051802134106108,0.007145714873680686,0.9047763670613305,0.9004946644321811,0.9112193142041967,0.0,0.0,0.0,0.0,0.0,3.3383539757633116,0.2059157500311474,3.3668239198595984,3.1696637755812844,3.4891805440565804,0.0,0.0,0.0,0.0,0.0,0.3581835183535954,0.0012177299837936395,0.35854178847406715,0.3571832058535936,0.35902819389214485,0.43725581038696193,0.0009240082734935299,0.4373332469782365,0.4364981262793742,0.43792043334804365,178.70817656018056,0.4612356425349952,178.93348150884185,178.309425986912,179.01786761646582,95.3731748633042,0.3013567561782722,95.41185828769756,95.13091773156353,95.59572206135454,655.6944141294223,1.9778796686591062,655.5169869446725,654.1944568904717,657.2565569382078,0.5262625495317664,0.0014031218570164606,0.5260474501489322,0.5251737730923214,0.5273431704596541,0.5435755848804769,0.0027477831859869495,0.5440715276869293,0.5414004263298359,0.5456897334256414
tqc_dr,circle_level,horizontal_pair_loss40_gradual,5,0.0,0.0,0.0681376855160577,0.0007331012011223405,0.06815734155979476,0.06750988242140975,0.06867704546643347,0.08129756601276508,0.0008979080755164173,0.08126356244716684,0.08060769267487183,0.0819874393506583,12.568515411424663,0.1110527943094629,12.596592087434855,12.47311942079032,12.645648748202282,15.540025388696739,0.11665013505267006,15.499675800553964,15.450100388704154,15.630088479136754,0.04819350953761621,0.00013317484119667022,0.04815168131263603,0.04809375074387733,0.048304388771967056,0.0112,0.014463747785411634,0.008,0.0024000000000000002,0.023999999999999997,0.9141323258164473,0.0020904656369137645,0.9129367150402002,0.9126633711029772,0.9159351354957529,0.0,0.0,0.0,0.0,0.0,3.253942351715523,0.10289503467268084,3.3040789195365505,3.163114679977298,3.319866855526925,0.0,0.0,0.0,0.0,0.0,0.35958592784199167,0.00022520534504398234,0.35964319489812335,0.35940812164520375,0.3597637340387796,0.4345723530416338,9.027097468254197e-05,0.43458539220892356,0.4344908361793835,0.43463849814275124,179.55193819395151,0.1298490277700066,179.58370155960745,179.4389417417341,179.64454889056273,94.31506936332173,0.07155511560567461,94.32776024980295,94.25840047007509,94.37173825656832,617.3867943795805,1.1661428920989607,617.2850989144852,616.5026554008949,618.3043560588991,0.5101857178717859,0.001180646647060982,0.5102543372509524,0.5093085374207833,0.5111468191087416,0.5042725559823531,0.0016433272712716065,0.5039638271244654,0.5032588893428922,0.5057046371537517
tqc_dr,circle_level,mixed_horizontal_vertical_loss30_abrupt,5,0.0,0.4,0.04066063664498757,0.0007217847211245771,0.04050345388129855,0.040154124200624156,0.041304350354690315,0.06599463954646984,0.0017355391337756194,0.06589974368519691,0.06469737992200617,0.06737598202670135,7.898874103590626,0.1345610366423811,7.847645700955004,7.79635655032987,8.006927148899615,11.071429533225396,0.1320628963415254,11.095194429884735,10.968259532063907,11.172225071899515,0.053256185603696625,0.0002395313995004723,0.05316145105581874,0.05312940301611302,0.05347360560477117,0.8308,0.016528762809115524,0.836,0.8183999999999999,0.8432000000000001,0.9239400978110165,0.0016386159995695896,0.9239719947553582,0.9226733413073387,0.9253317267246886,0.0,0.0,0.0,0.0,0.0,3.2268934875319246,0.15523944882317176,3.2570609600225,3.0858105033112224,3.3275348725146614,0.0,0.0,0.0,0.0,0.0,0.35536533845076634,0.0006276418617860699,0.35535102218652787,0.35486736988922685,0.3558633070123058,0.4345153921016326,0.0005339104925275206,0.4345844938240402,0.4340925814196133,0.4349382027836519,177.55126518194388,0.31664381575785727,177.5565967411358,177.29887313420105,177.8036572296867,94.3743787476931,0.23353226640905322,94.41423588717433,94.19665052828664,94.55210696709953,662.2914624143648,2.3389712149687343,662.795914864751,660.3104416211457,664.0001767308148,0.5256951171789934,0.0005811783074342463,0.5254297212710405,0.5252899623552925,0.5262007176605291,0.5731132767525872,0.0015689678554400217,0.5729707112219388,0.5720576185952735,0.574473377285216
tqc_dr,circle_level,nominal_adapter,5,0.0,0.2,0.05425976379136006,0.0011483227171137686,0.05390069199639064,0.053576209136895134,0.055261423587060064,0.069666083376095,0.0018460590096231232,0.06939747060503515,0.06822729906276255,0.07126830510916364,9.359011144946397,0.08229190137709076,9.35331300052298,9.296917938443237,9.428180158487804,12.683664541320963,0.10181461468014294,12.716090370185613,12.59436641257527,12.746050201947687,0.05248384236226163,0.00036579889059831284,0.05239727394358162,0.05224243579325857,0.05279857829266438,0.6708000000000001,0.0179220534537759,0.676,0.6556,0.6832,0.92921714231304,0.005654785173052,0.9283582040683523,0.9251720847342296,0.9338622951595619,0.0,0.0,0.0,0.0,0.0,3.4400882723221002,0.2801840174115048,3.332793600138757,3.293849305164258,3.695957232102954,0.0,0.0,0.0,0.0,0.0,0.3538054317989174,0.0007182421960607464,0.35365486249555994,0.3533383717989452,0.35441248998512564,0.4364020083731256,0.000705877762669613,0.43622035859189723,0.43599547085212587,0.4370234993960862,176.72537681513796,0.5838404489734933,176.81011463383095,176.2371451544972,177.1651973104436,95.15315887999641,0.43835431138119935,95.12043348195584,94.84445449101645,95.52827504885033,681.873198291493,1.9470841659432319,682.6426791469187,680.4008478998066,683.3455486831796,0.5410570215753696,0.0004696259211975137,0.5410877812122762,0.5406490723618549,0.5414385792370245,0.5695861877489073,0.0016069561860617325,0.5695134354056517,0.5683735243120578,0.5708454656554304
tqc_dr,circle_level,single_horizontal_loss50_gradual,5,0.0,0.8,0.0332544420799463,0.00032910476017791734,0.033342386155223905,0.03299692003024472,0.03350739060495889,0.06799673297642099,0.00145125240293698,0.06824351772921744,0.06691529452519906,0.06913746297642406,7.343179169182113,0.038671888604838923,7.357245693215219,7.313003924189816,7.37335441417441,11.355665339664336,0.12426777086587061,11.310065279936747,11.259439359357618,11.45189131997105,0.05114938043295449,0.00016552823860355734,0.0511441935807378,0.05101210369885578,0.05127333699624033,0.8516,0.007127411872482191,0.852,0.8463999999999998,0.8572,0.9106048532336416,0.003735695175017293,0.9089098314064658,0.9078079218988157,0.9136820327009592,0.0,0.0,0.0,0.0,0.0,3.1281059686734807,0.35883856633150635,3.3041327995306347,2.801815674203681,3.3098038562748116,0.0,0.0,0.0,0.0,0.0,0.3650510857726049,0.0010119682030274876,0.3649264558748958,0.36424719833252484,0.36582648842404064,0.4372915705234985,0.001024280223378743,0.43709558162767265,0.4364826002093113,0.43810054083768557,182.16576847627576,0.5739047486906488,182.1488302699928,181.71748702573444,182.61404992681705,95.42438189889837,0.4568288015481339,95.34325932931331,95.06665778287798,95.78210601491877,655.6480414644213,1.6609503917349184,655.9338364838833,654.2843787918821,656.7711979552812,0.5212778920207077,0.0007719120238968123,0.5208991681713807,0.5207230645847101,0.5219542476382999,0.547857234710433,0.002031274983561321,0.5482282213203862,0.5461381954015494,0.5493658232790479
tqc_dr,circle_level,vertical_pair_loss40_gradual,5,0.2,0.4,0.055765048057200485,0.0005441812844097606,0.055884563880614094,0.05534924710729755,0.05617828435267459,0.07355415556398656,0.0012187407063025454,0.07359132510754277,0.0726137676459947,0.07455903153558094,8.195485816075173,0.06120067199149833,8.187640218356398,8.153037489404431,8.249362066518563,10.574970151327804,0.06585622528765256,10.56865485991936,10.523258837479057,10.626681465176551,0.04829307452557234,0.00031160403578023174,0.048234378886229376,0.04805721496192385,0.04853959754193561,0.8924000000000001,0.007402702209328705,0.894,0.8855999999999999,0.8976000000000001,0.9355784222546856,0.0023401339903097508,0.9355850742526314,0.9338575068175935,0.9375439076882245,0.0,0.0,0.0,0.0,0.0,3.2755919928167714,0.1975465801455709,3.270631640625652,3.116021313544479,3.413151512402692,0.0,0.0,0.0,0.0,0.0,0.33577537862905693,0.0006183758920668198,0.3357478688078834,0.3352784003014569,0.33624363740696694,0.41919744837264694,0.0006128037854300969,0.4192485008407518,0.4186638041954721,0.41964328187379707,167.7168924672899,0.3406846125005987,167.64538770152706,167.46912154377094,168.00599772474806,87.79574858375156,0.2597864052343455,87.7868331020237,87.58529339889857,87.99666172048524,628.8105061581194,1.5896550805930745,628.5457907763648,627.712097356845,630.1667238722107,0.5159947572100687,0.0008152886890648993,0.5161417461445852,0.5153041179651465,0.5166193366958558,0.5381742969660585,0.002845995700213306,0.5389843023616738,0.5357601961606605,0.5402695608216285
tqc_dr,figure8_unseen,horizontal_pair_loss20_gradual,5,0.2,1.0,0.11889435186257255,0.0010236098799845273,0.11895550982911308,0.11817293324478456,0.1197045547821229,0.17542455493555212,0.0009615407014975933,0.1749497547685271,0.17487778656730885,0.1763023073761472,7.383490150234934,0.09254654817582468,7.365580683379761,7.320088767262407,7.467709011055054,10.885529395339422,0.14120658548328963,10.860269077654497,10.775850656872192,10.995208133806647,0.03995620892620883,0.0006793311116690449,0.04021261521231988,0.03938962836572836,0.04045852181212574,0.8845864661654135,0.019242832920405614,0.8872180451127819,0.8695488721804512,0.8988721804511279,0.9447804360115539,0.014465640013170772,0.9380343868404667,0.9345674656132607,0.9574568173086802,0.0,0.0,0.0,0.0,0.0,3.315550464016269,0.07260098383481493,3.319252878864063,3.263571088114986,3.3740185281058075,0.0,0.0,0.0,0.0,0.0,0.35690746431935516,0.001232624514014566,0.35737860829295476,0.35597292533358277,0.3578420033051276,0.43036434834467885,0.0017898864240627652,0.4306740875376849,0.4289816699222172,0.43171676676759774,189.66887100300187,0.8311773573846486,189.9080472960968,188.99773386251064,190.28045278816776,98.44925840779453,0.9170913627272196,98.57846781694347,97.68957952317302,99.13620257015964,510.410821536049,12.302399119011454,516.4156764304172,499.77144815847566,518.8974667385482,0.5000263059053209,0.001727359149444824,0.5005539184240237,0.4984557803575484,0.5010392228394316,0.3687266631562433,0.007817436060802112,0.37082132116244954,0.36225982382655675,0.37458312870730104
tqc_dr,figure8_unseen,horizontal_pair_loss40_gradual,5,0.0,0.0,0.12148807230927647,0.0007418079291638851,0.12151769458407098,0.1208970246023637,0.12207912001618922,0.18263236309561756,0.0006725864696985144,0.18275387398985726,0.18213471214228463,0.18315551446257378,8.443752042348681,0.10245289242489806,8.475971333133868,8.354259880589263,8.516637214961554,12.75439583139254,0.2612546749546818,12.81342777079443,12.524322896347261,12.929182249225196,0.037891870791678724,0.0006527163739893582,0.03780021169544253,0.0373816261584269,0.038408125706254084,0.7672932330827067,0.005854290038495292,0.768796992481203,0.762781954887218,0.7718045112781955,0.9410033855151066,0.0036654866895863497,0.9397521486794638,0.938217159385851,0.9439535189127859,0.0,0.0,0.0,0.0,0.0,3.278951112748473,0.08032890242687529,3.281866601173533,3.217623577656923,3.340278647840023,0.0,0.0,0.0,0.0,0.0,0.3540327517210031,0.001194637367277158,0.3544022027038698,0.353109352842118,0.35495615059988816,0.42438920814895303,0.0013670949989709013,0.4242893001308843,0.42337137209650155,0.42549120682586306,188.13080328042335,0.643516211103385,188.32407448221431,187.63176766924207,188.62983889160466,95.73013622798628,0.625968996127405,95.6801410181811,95.26028195350446,96.23047855273262,442.06643248243336,9.467060231943654,442.34130690409535,434.63403390384144,449.2861752721152,0.47582095064303437,0.0032253460418604995,0.47479277830520067,0.47338181670735613,0.4783530082449613,0.33462853677747895,0.00689967995465426,0.334433224841562,0.3292423952782594,0.339830811207542
tqc_dr,figure8_unseen,mixed_horizontal_vertical_loss30_abrupt,5,0.4,1.0,0.11992395572627483,0.000641673610160243,0.1197529908426321,0.11943802372548977,0.12040988772705988,0.1780590399339989,0.0007880468340511675,0.1782842322577471,0.1773874232432377,0.17863496050516994,7.118861121228972,0.06299882751861578,7.10744386950975,7.075911141953463,7.174171779552464,10.565310914221767,0.19465757663090968,10.526880294982785,10.418224776595371,10.723315561544968,0.04018167774549729,0.0001576002981478629,0.040234148839847,0.0400565796157493,0.040302029594148206,0.9011278195488723,0.011480023672633422,0.8947368421052632,0.8924812030075188,0.9101503759398495,0.97353067079704,0.001667259775229135,0.9737647783523649,0.9720573509804191,0.9747386381299605,0.0,0.0,0.0,0.0,0.0,3.251082519738703,0.12550390575137527,3.239751000655815,3.1635571764200003,3.353431528288639,0.0,0.0,0.0,0.0,0.0,0.3533781728692915,0.0005506385975857796,0.3535474920536933,0.3529471500273431,0.3538081240357139,0.4294412715287799,0.0005410831644547855,0.42935361485968554,0.4290269072329581,0.42985563582460184,187.85424795552905,0.24397766989787587,187.90048378027336,187.63967331001226,188.01306168530178,98.04703757242223,0.20156317810390115,97.98479845024377,97.8896883174494,98.20438682739503,511.8382289472961,5.558867340831818,512.679617596503,507.4141910467657,516.2622668478265,0.4966054749875517,0.001619779659095167,0.4973985134920712,0.4953984596073019,0.49780141890659896,0.37915292661871863,0.0046414826427112485,0.38133002616582934,0.3755947305176159,0.3826601777779103
tqc_dr,figure8_unseen,nominal_adapter,5,1.0,1.0,0.1173968426605801,0.001761456472237423,0.117455355194954,0.11587274902859397,0.11862657159622618,0.17163736620465062,0.0003775788078275044,0.17156175793663236,0.17137143968811033,0.17194450738819816,6.759412927277997,0.16205135472986623,6.781879915206599,6.6310711084805565,6.882399783705043,10.11985951521105,0.2770721026652465,10.188055689301816,9.910001889689266,10.32331645600948,0.041639868532112205,0.000808134161983737,0.041926766844356304,0.04089978889484158,0.04209038271999587,0.9447368421052632,0.02048785953900558,0.943609022556391,0.9285714285714286,0.9609022556390977,0.9715732462904769,0.0025715774765351198,0.9723272532633396,0.969249742433884,0.9732682795558099,0.0,0.0,0.0,0.0,0.0,3.194578401009494,0.19469779979260926,3.2821001613046974,3.019878696570231,3.2962620322941802,0.0,0.0,0.0,0.0,0.0,0.3570022489870791,0.002166896410619404,0.3576214795454253,0.35502283207600954,0.35833188734107796,0.4333235804590094,0.002009403227099171,0.433813413948192,0.43155274822701983,0.4344803284480975,189.65969945429478,1.1265191126035532,189.84414981612377,188.64949645145944,190.39037864426928,99.76843931850843,0.9031307023993226,100.01411205778514,98.97127023532083,100.32859108270448,555.1370719495656,10.456328188513798,556.6243188963722,546.3921659764807,562.5879331439634,0.5181560078252053,0.002161210046117111,0.5184427446077347,0.5162430916722147,0.5195092418737145,0.3902680803106794,0.00811164585897167,0.3924432852120348,0.3830794446707868,0.39567287908273385
tqc_dr,figure8_unseen,single_horizontal_loss50_gradual,5,0.0,1.0,0.1256826828881595,0.0013209995217593193,0.12538660224813764,0.12483112654646718,0.12686521734787898,0.18462899737551894,0.0014610517008019034,0.18475658458959904,0.18345419830174786,0.18579474729950163,8.021848086774991,0.0630927344619221,8.000783039147,7.973673508722101,8.072324703980724,11.981686903403316,0.2390664807355675,11.874810509600245,11.817073615027304,12.188861045115198,0.0387720385625256,0.000919924685231551,0.0387273766295057,0.038045428465850226,0.039493438084732956,0.8184210526315789,0.01076527899494465,0.8176691729323309,0.8101503759398497,0.8266917293233084,0.968085175922807,0.00245851093493827,0.968785400071527,0.9662011403218385,0.9698611509180199,0.0,0.0,0.0,0.0,0.0,3.1313054119545995,0.19701022966685894,3.242958320188336,2.9688516001333483,3.2743353840232885,0.0,0.0,0.0,0.0,0.0,0.35441846660356124,0.0010498849505662738,0.3538994166072469,0.3537048154848137,0.355313729271567,0.42542633103623173,0.002097897887212991,0.42449453862172754,0.42385858651718855,0.42716476770738054,188.27552879144184,0.5457958598704619,188.06974285529455,187.95686617447123,188.7608242007852,96.16311551667661,0.9241590996980789,95.7785556572288,95.4846881426234,96.91867834458888,465.6405137389787,13.432219825658917,465.30577879763086,455.81350396695314,476.5125014369861,0.48029907577267156,0.0015758238387350639,0.48037038183371744,0.4792259492019415,0.48157424613774574,0.3452865423023767,0.011594403663516257,0.34210541208113915,0.33641678754330545,0.35455021535676884
tqc_dr,figure8_unseen,vertical_pair_loss40_gradual,5,1.0,1.0,0.1137309117884977,0.0005950818974026068,0.11397119931096042,0.11322422103255851,0.11413416994713135,0.17018631696103387,0.0007938126969280624,0.16996171325488424,0.16961888365159156,0.17077863707527507,6.185478567705386,0.03224591462596342,6.17587948108357,6.160557276090517,6.210399859320253,9.367117223557738,0.09755357965404458,9.349456161615276,9.29398600480568,9.44129963873216,0.0385036694300638,0.00021260432631997394,0.03838902346761476,0.03834226247267788,0.03866507638744972,0.9733082706766917,0.005382639497472316,0.9736842105263158,0.9691729323308269,0.9778195488721805,0.9721826932781434,0.002826419882063009,0.9713257112964125,0.9700877882663275,0.9744754057446073,0.0,0.0,0.0,0.0,0.0,3.280577128582082,0.2022541823131066,3.285126800474245,3.1171530006577086,3.442373304718786,0.0,0.0,0.0,0.0,0.0,0.3415099729813612,0.0003312563910746446,0.34164058249462215,0.3412542258026039,0.3417557445438698,0.42026828147570355,0.00040922095674268525,0.42011661793662436,0.42005331877160723,0.42063253549776264,181.46272487398906,0.184779810077551,181.51396743292474,181.32647416536383,181.5989755826143,93.85869354381126,0.19641266345445663,93.77701208846429,93.75202054173933,94.034203992382,495.723699688082,3.0982923662970094,497.09490840994135,492.9803205780777,497.66203429248606,0.48393574598820716,0.0011763960738161705,0.4839618919502081,0.48292239340713505,0.4848515781893828,0.35659782304885523,0.0034338157333616602,0.35626541392188055,0.3539954324326259,0.3592776699654686
tqc_dr,helix_unseen,horizontal_pair_loss20_gradual,5,0.0,1.0,0.08897555953750405,0.00048111504026843816,0.08896063610956437,0.08856886244115794,0.08935627650005196,0.12436829149159061,0.0015306340300204823,0.12425472089621568,0.1231171765752707,0.12559388347478634,10.82323964272295,0.05929616710194234,10.852041335275876,10.776002189971154,10.868158227686614,16.094543344257538,0.07170388487231763,16.069283773834847,16.03873598385713,16.1509951926327,0.04672441035212869,0.0002310637483197927,0.04673087925164793,0.04656491366444069,0.046916365695619286,0.3681208053691275,0.0053848344080138395,0.37080536912751677,0.3634228187919463,0.37147651006711413,0.9495607366415421,0.0019546439006918716,0.9508124499855347,0.947885365306967,0.950963440791762,0.0,0.0,0.0,0.0,0.0,3.303411040295032,0.07575474345419758,3.345373042684514,3.2370996889221715,3.354579008271684,0.0,0.0,0.0,0.0,0.0,0.35879261348009683,0.0005198016906569897,0.3585215759728796,0.35845645330843634,0.3592577726133833,0.43547244647742367,0.0006276870081495022,0.4351274727614135,0.4350613021419326,0.4360268823755142,213.6071498849864,0.3500675601444364,213.46258914374636,213.38677025165094,213.91273658452647,112.92794885124536,0.35641346094407517,112.76452235520456,112.70061441592028,113.23272772383726,745.9810787751619,1.6438123394165236,745.2558519237402,745.138616279141,747.4666850484094,0.5209985609627653,0.0009153177905622379,0.5204922859214033,0.5203033759876498,0.521693745937881,0.4896398623428725,0.0012625757924597258,0.4896967375820865,0.48864443663337687,0.49055544693400444
tqc_dr,helix_unseen,horizontal_pair_loss40_gradual,5,0.0,1.0,0.0968290136550546,0.00027498553106903456,0.09688891951382253,0.0966255541927341,0.09703247311737509,0.14002839129826922,0.0013060013371973278,0.13977723794773678,0.13906855711979632,0.14112248697861982,12.018663841244447,0.0541531406342469,12.03298702670229,11.97020933553551,12.056683020890087,17.593596003931886,0.13058541026699966,17.525535589124164,17.51290947832727,17.712587898679946,0.044062652507035865,0.00012062096315207831,0.04410160081317019,0.04396112973253967,0.044151783105712515,0.28691275167785235,0.003934912550187441,0.28523489932885904,0.2845637583892617,0.2902684563758389,0.957814770616881,0.0022659391749579243,0.9574452031037549,0.9560086112480481,0.959521381960205,0.0,0.0,0.0,0.0,0.0,3.2021009184463756,0.12097898482970505,3.243078748164407,3.1072567527298802,3.289069622194801,0.0,0.0,0.0,0.0,0.0,0.36198939949820436,0.0005275068313782107,0.3620939770806467,0.36160551703288746,0.36238038265688016,0.4369994226575872,0.000522902612679392,0.43710271677463464,0.4366000896969073,0.43738673398093225,215.54179034099155,0.2922885589619035,215.52699767526195,215.3244242280212,215.77580219983489,113.74475703586651,0.251559023263613,113.72056990162562,113.55141122445673,113.93810284727628,694.8343929792184,1.1578595880219897,695.3029740769337,693.9359277802971,695.7078623410459,0.5047227317204799,0.0030801726342175287,0.5039574631937652,0.5023586954336647,0.5071653702406739,0.4637724691150278,0.0014190174975232696,0.46430277850343343,0.4626943358499984,0.46485060238005704
tqc_dr,helix_unseen,mixed_horizontal_vertical_loss30_abrupt,5,0.0,1.0,0.07548081360288098,0.0008905704312173999,0.07519449468813776,0.07483574073196769,0.07622443110225012,0.10683494441223676,0.0018885019105192844,0.10609804151993232,0.10537032197138167,0.10829956685309183,8.332964155669568,0.11064068973132898,8.335977508072277,8.249598128011732,8.418196982798424,12.885153593937257,0.06249387548416305,12.904873315590779,12.832393103984066,12.929453796776333,0.04784798570625872,0.0004451759877133702,0.04767285915866201,0.0475842176737349,0.04824212265188842,0.7208053691275168,0.0205357064171735,0.7248322147651006,0.7046979865771812,0.7369127516778523,0.964216399050563,0.0005250332834635496,0.9644390100783438,0.9637884727468545,0.9645952689388618,0.0,0.0,0.0,0.0,0.0,3.286971408149838,0.12977546392678865,3.2959559197479393,3.1775484476347633,3.383414240757701,0.0,0.0,0.0,0.0,0.0,0.35545994823841076,0.0005580080930589362,0.3554949384676042,0.3550232738047803,0.355884434954076,0.43311682537336277,0.0007552541342808917,0.43330626769691283,0.43254737599151105,0.43368584813511557,211.5628196654156,0.27415990392380235,211.59019076772512,211.34871403683002,211.76686981838844,111.68144621536294,0.3648969720841601,111.76149069254184,111.40397833807624,111.95891409264964,752.8633265360047,2.235788008719948,752.7313704833033,751.1471090001199,754.7670513020952,0.5209205929102879,0.0007598323360394111,0.5209961248678155,0.5203319400641082,0.5215405164155039,0.5084375028593482,0.0026481516970925413,0.5079628628457556,0.506599810204982,0.5107614743929363
tqc_dr,helix_unseen,nominal_adapter,5,0.0,1.0,0.08195498308319615,0.0007438672403817345,0.08199802927793239,0.08137998032742658,0.08252186729627518,0.1120993632204976,0.0012425423752935514,0.11264199826223399,0.11115385844682894,0.11304486799416627,10.046349333165248,0.11278753917237792,10.091163873304923,9.948401352150025,10.128312046764114,14.869020891387112,0.12281669428474938,14.853206820360148,14.779387306098013,14.978952576146762,0.04894304784666129,0.0003356305180925457,0.04889260186115012,0.04869486563321558,0.049233212294761984,0.44865771812080535,0.008686026245332058,0.4513422818791946,0.4419463087248322,0.4553691275167785,0.9701550903843407,0.0018595453196467249,0.9704589529423172,0.9686522045395651,0.97154090442632,0.0,0.0,0.0,0.0,0.0,3.2878153120389,0.3462989776788807,3.3424707592348564,3.018408340063842,3.554683462461978,0.0,0.0,0.0,0.0,0.0,0.35697890388203685,0.0006762643625002361,0.35662258667323266,0.3564651555423525,0.35749265222172116,0.43577996750569686,0.0006613095863846745,0.435543225161816,0.4352727761472697,0.43628715886412406,212.39135291981592,0.3278828402810925,212.34810681591608,212.14192916379594,212.64960572725158,113.01361074056506,0.26895571687994274,112.91354638828898,112.80898489014831,113.21823659098183,784.7013366774966,1.4622030105804038,785.0599582141409,783.4895827612138,785.7870342990382,0.5374001636679651,0.0004152064123126577,0.5373639370470339,0.5370800468045649,0.5377202805313652,0.5085498542133768,0.0009366526779163247,0.509005533204949,0.5077018088156173,0.5090914463643454
tqc_dr,helix_unseen,single_horizontal_loss50_gradual,5,0.0,1.0,0.07391400245250813,0.000646277911750825,0.0739693768690089,0.07341243232849289,0.07441557257652337,0.10977700006596221,0.0021460123724403677,0.1097324131792583,0.1081264590277212,0.11131790552076906,7.788815346919937,0.03311565187359314,7.784899778223503,7.76312419007275,7.813302035778525,12.567711669774981,0.10263250822807787,12.527295088239997,12.492141590802497,12.651573240363215,0.047742223829800694,0.0002620414634920099,0.04783896314956862,0.04754166333990501,0.04794278431969638,0.7912751677852349,0.005116761973817775,0.7919463087248322,0.787248322147651,0.7953020134228188,0.9525645144743861,0.0016898761131270408,0.9532263228972557,0.9510181685045505,0.9535861722962388,0.0,0.0,0.0,0.0,0.0,3.2651324156613546,0.09355279647493472,3.2879271201090883,3.189058759569888,3.3347042954410417,0.0,0.0,0.0,0.0,0.0,0.35976818183764847,0.00041361727570979925,0.35954386233700936,0.3595006612847021,0.36013179236813475,0.43423323734761576,0.0004053587343184078,0.4340498766052998,0.4339403016700958,0.43458376100165064,214.2734236109499,0.3021635714177713,214.10486426193683,214.04606311130573,214.51180482168212,112.33144292712207,0.2413609702182569,112.22669907544073,112.14629324466875,112.51845382480099,752.3542655917756,1.6342757418298555,752.271940595478,751.162803355216,753.6400802139584,0.5186314755768986,0.0005797858604510731,0.5189094464971082,0.5181167256643129,0.5190180935087033,0.51067826131589,0.002317220195563887,0.5115946658861821,0.5086855492731163,0.5123646921000942
tqc_dr,helix_unseen,vertical_pair_loss40_gradual,5,0.0,1.0,0.08203100546171387,0.0004411552685767676,0.08201723483313061,0.08168942864845484,0.0823725822749729,0.1067887885362977,0.0005090144613763315,0.10650989675501207,0.1064051399973879,0.10718311016513452,8.7816594785743,0.07084703820570072,8.75658187591753,8.727948211053308,8.83933096208687,12.750584429001,0.06814597207969679,12.778856191450116,12.699204876281572,12.80196398172043,0.044493648124460196,0.00022697178862108206,0.04446919095844174,0.044328867926514984,0.044679346817685164,0.6412751677852349,0.027503475258583078,0.6459731543624161,0.6197986577181208,0.6620805369127517,0.9769939220793684,0.0007221718759514188,0.9772254992783982,0.9764394124636875,0.9775484316950489,0.0,0.0,0.0,0.0,0.0,3.30156047145283,0.08288253365074257,3.26478472125018,3.2502485441655153,3.3738885664861287,0.0,0.0,0.0,0.0,0.0,0.34233217509243385,0.0005259172265137498,0.3424402918938941,0.34192386949293924,0.34274048069192836,0.4199957373870755,0.0004887115242804584,0.42011676681317356,0.4196150988497097,0.4203763759244413,203.83312159977513,0.35637315959426974,203.77838816478956,203.55662219342776,204.10962100612258,105.06299266223304,0.25763864726421226,105.0334884114562,104.86039037875894,105.26559494570714,724.5859819846321,1.4649012784722526,723.961015318766,723.6830859082467,725.8899234130746,0.5065038895093856,0.0007452272689985223,0.5061013522622392,0.5059472701754499,0.5071039769509568,0.47999688302534127,0.0018771711175694708,0.4800302823040711,0.4785735439873749,0.4814280253293665
