controller_id,path,condition_id,n,position_rmse_m_mean,position_rmse_m_repeat_sd,attitude_rmse_deg_mean,attitude_rmse_deg_repeat_sd,tolerance_fraction_mean,tolerance_fraction_repeat_sd,sustained_success_count,terminal_success_count,controller_label,trajectory_label,condition_code
pid,circle_level,nominal_adapter,5,0.116983326455,0.000233062269495,2.5880888058,0.00320117732937,1,0,5,5,PID,Circle,C0
pid,circle_level,horizontal_pair_loss20_gradual,5,0.140302928743,0.000115163263516,2.9168952397,0.00174753004118,1,0,5,5,PID,Circle,C1
pid,circle_level,horizontal_pair_loss40_gradual,5,0.169359070006,4.31220172428e-06,3.31732600921,0.000220030678762,1,0,5,5,PID,Circle,C2
pid,circle_level,single_horizontal_loss50_gradual,5,0.150211724344,7.02305414702e-06,2.99548912397,0.000495118356165,1,0,5,5,PID,Circle,C3
pid,circle_level,vertical_pair_loss40_gradual,5,0.117891085566,0.0002711717942,2.14857261769,0.00338648085081,1,0,5,5,PID,Circle,C4
pid,circle_level,mixed_horizontal_vertical_loss30_abrupt,5,0.133396826531,8.25498869356e-06,2.58798507892,0.000209143573046,1,0,5,5,PID,Circle,C5
pid,helix_unseen,nominal_adapter,5,0.126668784628,4.10765791888e-05,3.30438442384,0.000736836428025,1,0,5,5,PID,Helix,C0
pid,helix_unseen,horizontal_pair_loss20_gradual,5,0.152747586314,4.16753822296e-06,3.66484403746,0.000681364024364,1,0,5,5,PID,Helix,C1
pid,helix_unseen,horizontal_pair_loss40_gradual,5,0.184337428751,1.08144802978e-05,4.06325713156,0.000112396130704,0.901342281879,0.00300143352685,2,5,PID,Helix,C2
pid,helix_unseen,single_horizontal_loss50_gradual,5,0.163887852123,8.43178751859e-06,3.55569768503,0.00278145061976,1,0,5,5,PID,Helix,C3
pid,helix_unseen,vertical_pair_loss40_gradual,5,0.128407604185,8.72948907101e-06,2.73751524449,0.00163677856081,1,0,5,5,PID,Helix,C4
pid,helix_unseen,mixed_horizontal_vertical_loss30_abrupt,5,0.142193048577,6.97692294799e-06,3.15235682455,0.00125637119233,1,0,5,5,PID,Helix,C5
pid,figure8_unseen,nominal_adapter,5,0.192781272407,2.01197133381e-05,3.86320593662,0.000473732034401,1,0,5,5,PID,Figure 8,C0
pid,figure8_unseen,horizontal_pair_loss20_gradual,5,0.218988033486,0.000580192297043,4.28785420839,0.00185724566,0.977819548872,0.0265630169954,5,5,PID,Figure 8,C1
pid,figure8_unseen,horizontal_pair_loss40_gradual,5,0.253994727731,1.42097142265e-05,5.20978743116,0.000505931297694,0.74022556391,0.00157266922281,0,5,PID,Figure 8,C2
pid,figure8_unseen,single_horizontal_loss50_gradual,5,0.244574971393,1.42380597297e-05,4.87491491257,0.00446072918112,0.728195488722,0.00102955367952,0,5,PID,Figure 8,C3
pid,figure8_unseen,vertical_pair_loss40_gradual,5,0.192707396303,1.10942751508e-05,3.40490174371,0.0143514426701,1,0,5,5,PID,Figure 8,C4
pid,figure8_unseen,mixed_horizontal_vertical_loss30_abrupt,5,0.217614438975,1.77949646048e-05,4.08484192869,0.000284876271768,0.886842105263,0.00245082797188,0,5,PID,Figure 8,C5
tqc_dr,circle_level,nominal_adapter,5,0.0542597637914,0.00114832271711,9.35901114495,0.0822919013771,0.6708,0.0179220534538,0,1,TQC-DR,Circle,C0
tqc_dr,circle_level,horizontal_pair_loss20_gradual,5,0.0590392354754,0.000733164195559,10.5334535859,0.137940739956,0.4356,0.0407038081756,0,5,TQC-DR,Circle,C1
tqc_dr,circle_level,horizontal_pair_loss40_gradual,5,0.0681376855161,0.000733101201122,12.5685154114,0.111052794309,0.0112,0.0144637477854,0,0,TQC-DR,Circle,C2
tqc_dr,circle_level,single_horizontal_loss50_gradual,5,0.0332544420799,0.000329104760178,7.34317916918,0.0386718886048,0.8516,0.00712741187248,0,4,TQC-DR,Circle,C3
tqc_dr,circle_level,vertical_pair_loss40_gradual,5,0.0557650480572,0.00054418128441,8.19548581608,0.0612006719915,0.8924,0.00740270220933,1,2,TQC-DR,Circle,C4
tqc_dr,circle_level,mixed_horizontal_vertical_loss30_abrupt,5,0.040660636645,0.000721784721125,7.89887410359,0.134561036642,0.8308,0.0165287628091,0,2,TQC-DR,Circle,C5
tqc_dr,helix_unseen,nominal_adapter,5,0.0819549830832,0.000743867240382,10.0463493332,0.112787539172,0.448657718121,0.00868602624533,0,5,TQC-DR,Helix,C0
tqc_dr,helix_unseen,horizontal_pair_loss20_gradual,5,0.0889755595375,0.000481115040268,10.8232396427,0.0592961671019,0.368120805369,0.00538483440801,0,5,TQC-DR,Helix,C1
tqc_dr,helix_unseen,horizontal_pair_loss40_gradual,5,0.0968290136551,0.000274985531069,12.0186638412,0.0541531406342,0.286912751678,0.00393491255019,0,5,TQC-DR,Helix,C2
tqc_dr,helix_unseen,single_horizontal_loss50_gradual,5,0.0739140024525,0.000646277911751,7.78881534692,0.0331156518736,0.791275167785,0.00511676197382,0,5,TQC-DR,Helix,C3
tqc_dr,helix_unseen,vertical_pair_loss40_gradual,5,0.0820310054617,0.000441155268577,8.78165947857,0.0708470382057,0.641275167785,0.0275034752586,0,5,TQC-DR,Helix,C4
tqc_dr,helix_unseen,mixed_horizontal_vertical_loss30_abrupt,5,0.0754808136029,0.000890570431217,8.33296415567,0.110640689731,0.720805369128,0.0205357064172,0,5,TQC-DR,Helix,C5
tqc_dr,figure8_unseen,nominal_adapter,5,0.117396842661,0.00176145647224,6.75941292728,0.16205135473,0.944736842105,0.020487859539,5,5,TQC-DR,Figure 8,C0
tqc_dr,figure8_unseen,horizontal_pair_loss20_gradual,5,0.118894351863,0.00102360987998,7.38349015023,0.0925465481758,0.884586466165,0.0192428329204,1,5,TQC-DR,Figure 8,C1
tqc_dr,figure8_unseen,horizontal_pair_loss40_gradual,5,0.121488072309,0.000741807929164,8.44375204235,0.102452892425,0.767293233083,0.0058542900385,0,0,TQC-DR,Figure 8,C2
tqc_dr,figure8_unseen,single_horizontal_loss50_gradual,5,0.125682682888,0.00132099952176,8.02184808677,0.0630927344619,0.818421052632,0.0107652789949,0,5,TQC-DR,Figure 8,C3
tqc_dr,figure8_unseen,vertical_pair_loss40_gradual,5,0.113730911788,0.000595081897403,6.18547856771,0.032245914626,0.973308270677,0.00538263949747,5,5,TQC-DR,Figure 8,C4
tqc_dr,figure8_unseen,mixed_horizontal_vertical_loss30_abrupt,5,0.119923955726,0.00064167361016,7.11886112123,0.0629988275186,0.901127819549,0.0114800236726,2,5,TQC-DR,Figure 8,C5
swim4track,circle_level,nominal_adapter,5,0.0632464934678,0.000447186598488,5.10273472489,0.114615016341,0.9988,0.002683281573,5,5,Swim4Track,Circle,C0
swim4track,circle_level,horizontal_pair_loss20_gradual,5,0.069569856971,0.000575165244344,5.63473733224,0.0984987463409,0.9924,0.0049799598392,5,4,Swim4Track,Circle,C1
swim4track,circle_level,horizontal_pair_loss40_gradual,5,0.0843649624999,0.000711499599307,7.07877862339,0.0995239508736,0.9124,0.0148593404968,4,2,Swim4Track,Circle,C2
swim4track,circle_level,single_horizontal_loss50_gradual,5,0.0454883482167,0.000294205101945,4.92298813251,0.0228613818513,0.9992,0.00109544511501,5,5,Swim4Track,Circle,C3
swim4track,circle_level,vertical_pair_loss40_gradual,5,0.115829077288,0.113652174349,8.98653827832,8.87657677267,0.8952,0.234339924042,4,4,Swim4Track,Circle,C4
swim4track,circle_level,mixed_horizontal_vertical_loss30_abrupt,5,0.0534059254617,0.000458566814184,4.49633897614,0.0466861955446,1,0,5,5,Swim4Track,Circle,C5
swim4track,helix_unseen,nominal_adapter,5,0.0752025863721,0.00039594560756,6.24379244237,0.155636851435,0.834563758389,0.0168036724276,0,5,Swim4Track,Helix,C0
swim4track,helix_unseen,horizontal_pair_loss20_gradual,5,0.0921219211339,0.000645727681796,8.2093749177,0.118895885539,0.653020134228,0.00754100840746,0,5,Swim4Track,Helix,C1
swim4track,helix_unseen,horizontal_pair_loss40_gradual,5,0.124855796449,0.000607461883756,11.6722613794,0.0463503417575,0.464765100671,0.0121571952569,0,5,Swim4Track,Helix,C2
swim4track,helix_unseen,single_horizontal_loss50_gradual,5,0.0516823148463,0.000163652874825,5.11622668092,0.0432352832056,0.953020134228,0.00638907139754,5,5,Swim4Track,Helix,C3
swim4track,helix_unseen,vertical_pair_loss40_gradual,5,0.0826041591947,0.000249651433187,6.14293879633,0.0361073130969,0.852013422819,0.00825394219882,0,5,Swim4Track,Helix,C4
swim4track,helix_unseen,mixed_horizontal_vertical_loss30_abrupt,5,0.0647114490258,0.000339927134456,5.30541833637,0.0513532469553,0.936241610738,0.00443918005212,5,5,Swim4Track,Helix,C5
swim4track,figure8_unseen,nominal_adapter,5,0.135511360526,0.000701051770592,5.17424613871,0.0484853557877,0.998872180451,0.00168125411842,5,4,Swim4Track,Figure 8,C0
swim4track,figure8_unseen,horizontal_pair_loss20_gradual,5,0.13912518191,0.000693073610257,5.86980271514,0.0344316837815,0.984962406015,0.00132914808494,5,3,Swim4Track,Figure 8,C1
swim4track,figure8_unseen,horizontal_pair_loss40_gradual,5,0.145879817488,0.000349417464236,7.58675980475,0.0271435190695,0.889473684211,0.00486548086675,0,0,Swim4Track,Figure 8,C2
swim4track,figure8_unseen,single_horizontal_loss50_gradual,5,0.130077465452,0.000889778901732,6.59544917481,0.0310739567783,0.848496240602,0.00411821471808,0,5,Swim4Track,Figure 8,C3
swim4track,figure8_unseen,vertical_pair_loss40_gradual,5,0.135905506508,0.000115114251282,4.82444387985,0.0382624039846,1,0,5,5,Swim4Track,Figure 8,C4
swim4track,figure8_unseen,mixed_horizontal_vertical_loss30_abrupt,5,0.133079679278,0.000236117612631,5.30502503486,0.00859396825195,0.99962406015,0.00084062705921,5,5,Swim4Track,Figure 8,C5
