path,trajectory_label,condition_id,condition_code,pid_position_rmse_m,tqc_dr_position_rmse_m,swim4track_position_rmse_m,swim4track_position_lower_than_pid,swim4track_position_lower_than_tqc_dr,tqc_dr_to_swim4track_attitude_rmse_ratio,swim4track_attitude_lower_than_tqc_dr,swim4track_minus_tqc_dr_tolerance_percentage_points,swim4track_tolerance_higher_than_tqc_dr
circle_level,Circle,nominal_adapter,C0,0.116983326455,0.0542597637914,0.0632464934678,True,False,1.83411673338,True,32.8,True
circle_level,Circle,horizontal_pair_loss20_gradual,C1,0.140302928743,0.0590392354754,0.069569856971,True,False,1.86937792568,True,55.68,True
circle_level,Circle,horizontal_pair_loss40_gradual,C2,0.169359070006,0.0681376855161,0.0843649624999,True,False,1.77552033763,True,90.12,True
circle_level,Circle,single_horizontal_loss50_gradual,C3,0.150211724344,0.0332544420799,0.0454883482167,True,False,1.4916101708,True,14.76,True
circle_level,Circle,vertical_pair_loss40_gradual,C4,0.117891085566,0.0557650480572,0.115829077288,True,False,0.911973616787,False,0.28,True
circle_level,Circle,mixed_horizontal_vertical_loss30_abrupt,C5,0.133396826531,0.040660636645,0.0534059254617,True,False,1.75673456684,True,16.92,True
helix_unseen,Helix,nominal_adapter,C0,0.126668784628,0.0819549830832,0.0752025863721,True,True,1.60901398083,True,38.5906040268,True
helix_unseen,Helix,horizontal_pair_loss20_gradual,C1,0.152747586314,0.0889755595375,0.0921219211339,True,False,1.3183999697,True,28.4899328859,True
helix_unseen,Helix,horizontal_pair_loss40_gradual,C2,0.184337428751,0.0968290136551,0.124855796449,True,False,1.02967740788,True,17.7852348993,True
helix_unseen,Helix,single_horizontal_loss50_gradual,C3,0.163887852123,0.0739140024525,0.0516823148463,True,True,1.52237495183,True,16.1744966443,True
helix_unseen,Helix,vertical_pair_loss40_gradual,C4,0.128407604185,0.0820310054617,0.0826041591947,True,False,1.42955347102,True,21.0738255034,True
helix_unseen,Helix,mixed_horizontal_vertical_loss30_abrupt,C5,0.142193048577,0.0754808136029,0.0647114490258,True,True,1.57065166729,True,21.5436241611,True
figure8_unseen,Figure 8,nominal_adapter,C0,0.192781272407,0.117396842661,0.135511360526,True,False,1.30635705107,True,5.41353383459,True
figure8_unseen,Figure 8,horizontal_pair_loss20_gradual,C1,0.218988033486,0.118894351863,0.13912518191,True,False,1.25787705457,True,10.037593985,True
figure8_unseen,Figure 8,horizontal_pair_loss40_gradual,C2,0.253994727731,0.121488072309,0.145879817488,True,False,1.11295892577,True,12.2180451128,True
figure8_unseen,Figure 8,single_horizontal_loss50_gradual,C3,0.244574971393,0.125682682888,0.130077465452,True,False,1.21627016965,True,3.00751879699,True
figure8_unseen,Figure 8,vertical_pair_loss40_gradual,C4,0.192707396303,0.113730911788,0.135905506508,True,False,1.28211224376,True,2.66917293233,True
figure8_unseen,Figure 8,mixed_horizontal_vertical_loss30_abrupt,C5,0.217614438975,0.119923955726,0.133079679278,True,False,1.3419090531,True,9.84962406015,True
